scenario,method,precision_mean,precision_std,recall_mean,recall_std,f1_mean,f1_std,false_positive_rate_mean,false_positive_rate_std,valid_wide_side_fpr_mean,valid_wide_side_fpr_std,retained_rmse_mean,retained_rmse_std,retained_bias_mean,retained_bias_std,scored_fraction_mean,scored_fraction_std,retained_fraction_mean,retained_fraction_std,clean_retained_fraction_mean,clean_retained_fraction_std,reference_clean_rmse_mean,reference_clean_rmse_std,reference_clean_coverage_mean,reference_clean_coverage_std,downstream_clean_rmse_mean,downstream_clean_rmse_std,downstream_clean_coverage_mean,downstream_clean_coverage_std,unfiltered_clean_fit_rmse_mean,unfiltered_clean_fit_rmse_std,solver_converged_fraction_mean,solver_converged_fraction_std,solver_failure_fraction_mean,solver_failure_fraction_std,seconds_mean,seconds_std
bidask_bimodal,causal_ewma,0.0,0.0,,,0.0,0.0,0.010416666666666635,0.00416666666666665,0.1875,0.0625,2.3605627572866865,0.020190302416833696,-0.000597889258917401,0.03661375090615814,0.9875000000000002,0.0,0.9770833333333333,0.004166666666666596,0.9770833333333333,0.004166666666666596,0.7840922827407425,0.01584696614059191,0.9875000000000002,0.0,0.5386319803602709,0.013068987214106022,1.0,0.0,0.5258415744427721,0.008238172643056924,,,0.0,0.0,0.0287135276788224,0.0003060526737742482
bidask_bimodal,consensus,0.0,0.0,,,0.0,0.0,0.0069444444444444,0.006014065304058564,0.10416666666666667,0.09547032697824666,2.3869080593793526,0.030380910674648605,0.014518882387614597,0.05941412084826685,0.9875000000000002,0.0,0.9805555555555555,0.006014065304058692,0.9805555555555555,0.006014065304058692,1.07834173115741,0.08648677240591675,0.9958333333333332,0.0,0.5359017889293085,0.009152738837727548,1.0,0.0,0.5258415744427721,0.008238172643056924,,,0.0,0.0,0.22934945796926812,0.005445426411859483
bidask_bimodal,hampel,0.0,0.0,,,0.0,0.0,0.009722222222222167,0.005242940580049147,0.08333333333333333,0.07216878364870323,2.3920443032305383,0.019969269706358317,0.021576554552931632,0.061792662270705984,1.0,0.0,0.9902777777777777,0.0052429405800490285,0.9902777777777777,0.0052429405800490285,1.3380208162470977,0.07568783567862042,1.0,0.0,0.5740132808714807,0.02449176078441942,1.0,0.0,0.5258415744427721,0.008238172643056924,,,0.0,0.0,0.03331526399900513,0.00020973014608215748
bidask_bimodal,jump_reversion,0.0,0.0,,,0.0,0.0,0.007638888888888834,0.004811252243246863,0.125,0.0625,2.3807820629072283,0.022560640705634457,0.019398375989962666,0.06062556416626326,0.9875000000000002,0.0,0.9798611111111111,0.004811252243247056,0.9798611111111111,0.004811252243247056,1.0230304375411436,0.06263875685244756,1.0,0.0,0.537472007604201,0.007756479452530732,1.0,0.0,0.5258415744427721,0.008238172643056924,,,0.0,0.0,0.0337028331123292,0.0004064355908295437
bidask_bimodal,local_linear,0.0,0.0,,,0.0,0.0,0.0062499999999999665,0.0036084391824351613,0.08333333333333333,0.03608439182435161,2.388754677293751,0.01879253286961112,0.008752408373710134,0.047638217326982014,1.0,0.0,0.99375,0.0036084391824351483,0.99375,0.0036084391824351483,0.5923817243903963,0.04588172046087064,1.0,0.0,0.5214965988531021,0.022930054853030853,1.0,0.0,0.5258415744427721,0.008238172643056924,,,0.0,0.0,0.10007994435727592,0.00021709560005695933
bidask_bimodal,local_piecewise,0.0,0.0,,,0.0,0.0,0.0034722222222221665,0.0012028130608117012,0.0625,0.0625,2.410460495502468,0.027583510729915134,0.0024359232047051014,0.06737918243372595,0.9472222222222223,0.006014065304058692,0.94375,0.005511981898051221,0.94375,0.005511981898051221,1.051275482048449,0.08244192305104991,0.9875000000000002,0.0,0.5465167534225993,0.02398860604727174,1.0,0.0,0.5258415744427721,0.008238172643056924,,,0.0,0.0,0.16125330561771986,0.0010549672851031203
bidask_bimodal,multiscale,0.0,,,,0.0,,0.0006944444444444333,0.0012028130608117012,0.020833333333333332,0.036084391824351615,2.413152370579743,0.006986672868662487,0.008275668315089035,0.05687548980311282,1.0,0.0,0.9993055555555556,0.00120281306081166,0.9993055555555556,0.00120281306081166,1.2425587678624626,0.05811945640868269,1.0,0.0,0.5299743811512202,0.015395468093147674,1.0,0.0,0.5258415744427721,0.008238172643056924,,,0.0,0.0,0.06413238868117331,0.0003321876714644694
bidask_bimodal,robust_trend,0.0,0.0,,,0.0,0.0,0.004861111111111067,0.0031823442326082262,0.14583333333333334,0.09547032697824667,2.3732996164557334,0.029827429502855166,0.007761455341248766,0.04418979322517672,1.0,0.0,0.9951388888888889,0.003182344232608166,0.9951388888888889,0.003182344232608166,0.13855225188444578,0.046250805074387384,1.0,0.0,0.4909848856148484,0.016908819307855285,1.0,0.0,0.5258415744427721,0.008238172643056924,1.0,0.0,0.0,0.0,0.15486390298853314,0.040339670381058006
bidask_bimodal,rolling_iqr,,,,,,,0.0,0.0,0.0,0.0,2.4186336333369787,0.0032093964306359308,0.012913496438388369,0.04934948557896089,1.0,0.0,1.0,0.0,1.0,0.0,0.22106100270998394,0.02749301679571366,1.0,0.0,0.5258415744427721,0.008238172643056924,1.0,0.0,0.5258415744427721,0.008238172643056924,,,0.0,0.0,0.03052088874392207,0.0049874432130413
burst,causal_ewma,0.9523809523809524,0.08247860988423228,0.5,0.0,0.6549707602339181,0.020257904182092147,0.0007122507122507,0.001233654421345333,,,1.637925303102225,0.06530236351939823,0.1105326342075703,0.02528641860823095,0.9562500000000002,0.0,0.9430555555555555,0.00120281306081166,0.9608262108262108,0.0012336544213453417,0.20657420310777766,0.009266301555910149,0.9615384615384616,0.0,0.4940435159685728,0.05265124089528561,1.0,0.0,1.185360107768001,0.0965326785105883,,,0.0,0.0,0.02881498596010103,0.0003150539673521127
burst,consensus,1.0,0.0,1.0,0.0,1.0,0.0,0.0,0.0,,,0.5936197528728427,0.010086471064625544,-0.008702591780423199,0.01887685483280793,0.9875000000000002,0.0,0.9625,0.0,0.9871794871794872,0.0,0.14693993120671658,0.028992402051113798,0.9957264957264956,0.0,0.13187405082836565,0.010860317467886791,1.0,0.0,1.185360107768001,0.0965326785105883,,,0.0,0.0,0.23090640300263962,0.0022851685993404013
burst,hampel,0.9743589743589745,0.04441155916843262,1.0,0.0,0.9866666666666667,0.023094010767585042,0.0007122507122507,0.001233654421345333,,,0.5915243662990752,0.013272046212779451,-0.0075326873958742,0.01423822696335113,1.0,0.0,0.9743055555555555,0.00120281306081166,0.9992877492877493,0.0012336544213453176,0.14274012223288665,0.03778875353564565,1.0,0.0,0.13361798813751605,0.009107372261649134,1.0,0.0,1.185360107768001,0.0965326785105883,,,0.0,0.0,0.03401280543766913,0.0007859156880520065
burst,jump_reversion,0.9743589743589745,0.04441155916843262,1.0,0.0,0.9866666666666667,0.023094010767585042,0.0007122507122507,0.001233654421345333,,,0.5927484776638741,0.01139205404909461,-0.009679647664707832,0.020568169157904586,0.9875000000000002,0.0,0.9618055555555557,0.00120281306081166,0.9864672364672366,0.0012336544213453176,0.14440923798474126,0.02892251698391076,1.0,0.0,0.13117328611806592,0.011700672757585859,1.0,0.0,1.185360107768001,0.0965326785105883,,,0.0,0.0,0.03435952736375223,0.0011847568892750576
burst,local_linear,1.0,0.0,1.0,0.0,1.0,0.0,0.0,0.0,,,0.5932779585857559,0.010670753882146918,-0.008788453566528201,0.016385231162665315,1.0,0.0,0.975,0.0,1.0,0.0,0.19153815062357107,0.039275246593444675,1.0,0.0,0.1338580316534456,0.008894961458147728,1.0,0.0,1.185360107768001,0.0965326785105883,,,0.0,0.0,0.10315138893201943,0.0018674594088299908
burst,local_piecewise,1.0,0.0,0.16666666666666663,0.08333333333333336,0.2798534798534798,0.12318153586510597,0.0,0.0,,,2.01798735841047,0.3167493812161485,0.18505432866864124,0.04623063011154271,0.9263888888888888,0.009622504486493865,0.9222222222222222,0.00984544922135961,0.9358974358974358,0.00931388663149703,1.6831671512542663,0.0933187037965097,0.9871794871794872,0.0,0.7491566650010402,0.12154859079911895,1.0,0.0,1.185360107768001,0.0965326785105883,,,0.0,0.0,0.16510829166509208,0.0003153995415352308
burst,multiscale,1.0,0.0,1.0,0.0,1.0,0.0,0.0,0.0,,,0.5932779585857559,0.010670753882146918,-0.008788453566528201,0.016385231162665315,1.0,0.0,0.975,0.0,1.0,0.0,0.12320862866268896,0.03332728875818142,1.0,0.0,0.1338580316534456,0.008894961458147728,1.0,0.0,1.185360107768001,0.0965326785105883,,,0.0,0.0,0.06833944438646229,0.005137470126707849
burst,robust_trend,0.9743589743589745,0.04441155916843262,1.0,0.0,0.9866666666666667,0.023094010767585042,0.0007122507122507,0.001233654421345333,,,0.5915243662990752,0.013272046212779451,-0.0075326873958742,0.01423822696335113,1.0,0.0,0.9743055555555555,0.00120281306081166,0.9992877492877493,0.0012336544213453176,0.05964240237280757,0.016222462747902986,1.0,0.0,0.13361798813751605,0.009107372261649134,1.0,0.0,1.185360107768001,0.0965326785105883,1.0,0.0,0.0,0.0,0.15244990307837725,0.010239927328369036
burst,rolling_iqr,0.9743589743589745,0.04441155916843262,1.0,0.0,0.9866666666666667,0.023094010767585042,0.0007122507122507,0.001233654421345333,,,0.592416648874885,0.011922687364644129,-0.009750822773522766,0.018035159470386284,1.0,0.0,0.9743055555555555,0.00120281306081166,0.9992877492877493,0.0012336544213453176,0.13246217689651332,0.0271998470077967,1.0,0.0,0.13318619586178382,0.009523284912009529,1.0,0.0,1.185360107768001,0.0965326785105883,,,0.0,0.0,0.030824861101185236,0.003657311281205912
calendar_sessions,causal_ewma,0.862280701754386,0.0283836661181815,0.9803921568627451,0.03396178054056629,0.9174174174174174,0.027808196963141397,0.005759539236860967,0.0012469768233037306,,,0.7395797426840841,0.2567145860338134,-0.017976782118341465,0.021451637079791697,0.9770833333333332,0.0,0.9368055555555556,0.00120281306081166,0.9704823614110872,0.0012469768233036706,1.4326204403224214,0.1371299555635754,0.976241900647948,0.0,1.6334321546110633,0.024351975981964157,1.0,0.0,1.4487515426406887,0.02938873559903748,,,0.0,0.0,0.0287883890171845,0.0005505404037911712
calendar_sessions,consensus,1.0,0.0,0.96078431372549,0.03396178054056631,0.9797979797979798,0.017495462702715972,0.0,0.0,,,0.8320005131341403,0.21737312811941745,-0.02674990622234107,0.032772668041916586,0.9875000000000002,0.0,0.9534722222222222,0.0012028130608119083,0.9870410367170628,0.0,1.0821041458755185,0.05921650036979007,0.9956803455723543,0.0,1.310855920727265,0.05102378525286748,1.0,0.0,1.4487515426406887,0.02938873559903748,,,0.0,0.0,0.2289235280671467,0.002051917175351799
calendar_sessions,hampel,0.9814814814814815,0.03207501495497922,1.0,0.0,0.9904761904761905,0.016495721976846414,0.0007199424046076,0.0012469768233036732,,,0.5918061463702812,0.01008953478297996,-0.0025885091076479007,0.014182456021268849,1.0,0.0,0.9638888888888889,0.00120281306081166,0.9992800575953925,0.0012469768233036706,0.8832410516525241,0.021522221312837497,1.0,0.0,1.329703820888718,0.036518612146916596,1.0,0.0,1.4487515426406887,0.02938873559903748,,,0.0,0.0,0.03768556929814317,0.003918987880431859
calendar_sessions,jump_reversion,0.9803921568627451,0.033961780540566325,0.96078431372549,0.03396178054056631,0.9702911467617349,0.02941626570287962,0.0007199424046076,0.0012469768233036732,,,0.8315854778274484,0.21726726094390741,-0.027753847080973403,0.03411779790005235,0.9875000000000002,0.0,0.9527777777777778,0.0012028130608119083,0.9863210943124551,0.0012469768233038068,1.8095530332847052,0.027034746558082263,1.0,0.0,1.3108240128373463,0.05099116146954516,1.0,0.0,1.4487515426406887,0.02938873559903748,,,0.0,0.0,0.03438463876955206,0.0007675373961867609
calendar_sessions,local_linear,1.0,0.0,0.96078431372549,0.03396178054056631,0.9797979797979798,0.017495462702715972,0.0,0.0,,,0.829139654837423,0.21581288338219756,-0.026606638583421435,0.02846261508125007,1.0,0.0,0.9659722222222222,0.0012028130608118363,1.0,0.0,1.2910847984279086,0.06258524185253363,1.0,0.0,1.3111130923607188,0.05124571755295482,1.0,0.0,1.4487515426406887,0.02938873559903748,,,0.0,0.0,0.10323843072789407,0.002550844471521453
calendar_sessions,local_piecewise,0.9814814814814815,0.03207501495497922,0.9215686274509803,0.08985442539129099,0.9481171158590512,0.03888665396218871,0.0007199424046076,0.0012469768233036732,,,0.8827040968794778,0.49642071164036067,0.006158366112512401,0.0053591470019008665,0.9465277777777777,0.007887372702500303,0.9131944444444443,0.005242940580049124,0.94528437724982,0.007585063896942201,1.2089979149207501,0.13128999747768913,0.9870410367170628,0.0,1.445296623033962,0.05162024919458422,1.0,0.0,1.4487515426406887,0.02938873559903748,,,0.0,0.0,0.1617247362155467,0.0014492466529504664
calendar_sessions,multiscale,1.0,0.0,1.0,0.0,1.0,0.0,0.0,0.0,,,0.5935702515881246,0.007036190978918045,-0.0038613372527908003,0.01637561503115893,1.0,0.0,0.9645833333333332,0.0,1.0,0.0,1.7445156475611707,0.5296492460106037,1.0,0.0,1.3297082377838307,0.03652472060670063,1.0,0.0,1.4487515426406887,0.02938873559903748,,,0.0,0.0,0.06493588925028833,0.0020590282173161435
calendar_sessions,robust_trend,0.9629629629629629,0.03207501495497922,1.0,0.0,0.980952380952381,0.016495721976846456,0.0014398848092152,0.0012469768233036732,,,0.5919863394792849,0.01025745588649766,-0.0027582410612902,0.014010511656259288,1.0,0.0,0.9631944444444445,0.00120281306081166,0.9985601151907848,0.0012469768233036706,0.2112693362505952,0.21394898544928911,1.0,0.0,1.3435254585796697,0.01723320878517584,1.0,0.0,1.4487515426406887,0.02938873559903748,1.0,0.0,0.0,0.0,0.109894958557561,0.013115207209571988
calendar_sessions,rolling_iqr,0.9803921568627451,0.033961780540566325,0.96078431372549,0.03396178054056631,0.9702911467617349,0.02941626570287962,0.0007199424046076,0.0012469768233036732,,,0.8287258396521633,0.21570834059588737,-0.027595164936171934,0.02981928908912681,1.0,0.0,0.9652777777777777,0.0012028130608118283,0.9992800575953925,0.0012469768233036706,1.7510642046839686,0.02992586323961925,1.0,0.0,1.3110811968954985,0.05121299837002451,1.0,0.0,1.4487515426406887,0.02938873559903748,,,0.0,0.0,0.029023875327159932,0.0006751687811290989
clean,causal_ewma,0.0,,,,0.0,,0.0006944444444444333,0.0012028130608117012,,,0.593199456098805,0.011464834892767378,-0.003568755318661599,0.018902469902621157,0.9875000000000002,0.0,0.9868055555555557,0.00120281306081166,0.9868055555555557,0.00120281306081166,0.1970286458986007,0.01038324753235395,0.9875000000000002,0.0,0.13483722918498717,0.012417169702208658,1.0,0.0,0.13374781934485522,0.011871449774092298,,,0.0,0.0,0.029958513642971668,0.0010719097435469226
clean,consensus,,,,,,,0.0,0.0,,,0.5940027478219386,0.010950506324014583,-0.0021992746336017,0.01911163305808294,0.9875000000000002,0.0,0.9875000000000002,0.0,0.9875000000000002,0.0,0.135557974114392,0.017654177101254474,0.9958333333333332,0.0,0.13172732013740496,0.014571702949873543,1.0,0.0,0.13374781934485522,0.011871449774092298,,,0.0,0.0,0.2317098750111957,0.0011341706533923854
clean,hampel,0.0,,,,0.0,,0.0006944444444444333,0.0012028130608117012,,,0.5919526252256492,0.014077007812723315,-0.0011356812046779668,0.014343469829160885,1.0,0.0,0.9993055555555556,0.00120281306081166,0.9993055555555556,0.00120281306081166,0.13424650829552157,0.028223713259084817,1.0,0.0,0.13350119757414017,0.012232033585976203,1.0,0.0,0.13374781934485522,0.011871449774092298,,,0.0,0.0,0.03805034731825186,0.0037661497827760956
clean,jump_reversion,0.0,,,,0.0,,0.0006944444444444333,0.0012028130608117012,,,0.5931520442634727,0.012250590378454653,-0.003147086139403,0.020746060599724572,0.9875000000000002,0.0,0.9868055555555557,0.00120281306081166,0.9868055555555557,0.00120281306081166,0.13296568719518312,0.01719986707692426,1.0,0.0,0.13100438524321464,0.01568877844817837,1.0,0.0,0.13374781934485522,0.011871449774092298,,,0.0,0.0,0.0338837498954186,0.0008938146687532237
clean,local_linear,,,,,,,0.0,0.0,,,0.593664675980107,0.01148732596207331,-0.002364281339389367,0.016465068330220052,1.0,0.0,1.0,0.0,1.0,0.0,0.13876212356880255,0.014973972204305963,1.0,0.0,0.13374781934485522,0.011871449774092298,1.0,0.0,0.13374781934485522,0.011871449774092298,,,0.0,0.0,0.10154705486881231,0.0009179429435519688
clean,local_piecewise,0.0,,,,0.0,,0.0006944444444444333,0.0012028130608117012,,,0.5925536913675061,0.013129439560580665,-0.003570786774100833,0.0219952652657585,0.9631944444444445,0.01069083633218092,0.9625,0.009547032697824634,0.9625,0.009547032697824634,0.2636677497329746,0.013219168900014422,0.9875000000000002,0.0,0.13225044902208244,0.012093089984934005,1.0,0.0,0.13374781934485522,0.011871449774092298,,,0.0,0.0,0.16442208333561814,0.0028735243292434703
clean,multiscale,,,,,,,0.0,0.0,,,0.593664675980107,0.01148732596207331,-0.002364281339389367,0.016465068330220052,1.0,0.0,1.0,0.0,1.0,0.0,0.11467840622311169,0.026422274063728643,1.0,0.0,0.13374781934485522,0.011871449774092298,1.0,0.0,0.13374781934485522,0.011871449774092298,,,0.0,0.0,0.0649335969549914,0.0013472540479629322
clean,robust_trend,0.0,,,,0.0,,0.0006944444444444333,0.0012028130608117012,,,0.5919526252256492,0.014077007812723315,-0.0011356812046779668,0.014343469829160885,1.0,0.0,0.9993055555555556,0.00120281306081166,0.9993055555555556,0.00120281306081166,0.029429251268341002,0.000913481192519738,1.0,0.0,0.13350119757414017,0.012232033585976203,1.0,0.0,0.13374781934485522,0.011871449774092298,1.0,0.0,0.0,0.0,0.12886991693327818,0.010795101755495282
clean,rolling_iqr,0.0,,,,0.0,,0.0006944444444444333,0.0012028130608117012,,,0.5928234758383893,0.012739287484541626,-0.0032982474288155007,0.018078886749378846,1.0,0.0,0.9993055555555556,0.00120281306081166,0.9993055555555556,0.00120281306081166,0.11462194379297945,0.017002544501203594,1.0,0.0,0.13305728058331479,0.012891337422718965,1.0,0.0,0.13374781934485522,0.011871449774092298,,,0.0,0.0,0.028955639107152764,0.0007709076696509686
clustered_40pct,causal_ewma,0.7833333333333333,0.028867513459481322,0.2105263157894736,0.0,0.3318112633181126,0.002636302599039379,0.007880220646178033,0.0013648942534034113,,,3.7083203250235286,0.20950756087884628,0.6627155738641662,0.04035482667832713,0.9215277777777778,0.0060140653040587485,0.8895833333333334,0.005511981898051326,0.9739952718676123,0.006254731231831182,3.7489274816528653,0.019592692225187645,0.9818754925137904,0.006824471267016807,1.6251783669555335,0.08337662924043886,1.0,0.0,3.0078240096060465,0.016598592833540825,,,0.0,0.0,0.027796055811146834,0.0003079654971818872
clustered_40pct,consensus,1.0,0.0,0.6842105263157895,0.0,0.8125,0.0,0.0,0.0,,,4.029259395096324,0.0463490568460729,0.7896632370998393,0.0187815270240971,0.9875000000000002,0.0,0.90625,0.0,0.9858156028368793,0.0,3.3115060464209853,0.06318601439541814,0.9952718676122932,0.0,1.801457328248077,0.008818932091472522,1.0,0.0,3.0078240096060465,0.016598592833540825,,,0.0,0.0,0.22610684693790964,0.0008636159191141954
clustered_40pct,hampel,0.9942528735632185,0.009954314986027979,1.0,0.0,0.9971014492753624,0.005020437123388013,0.0007880220646178,0.0013648942534033547,,,0.5890383386678905,0.01115935247130167,-0.0078291012571582,0.017674474938941927,1.0,0.0,0.8805555555555555,0.001202813060811748,0.9992119779353822,0.0013648942534034046,2.7563110940009365,0.10172867879637973,1.0,0.0,0.13560288853592653,0.010942284394057663,1.0,0.0,3.0078240096060465,0.016598592833540825,,,0.0,0.0,0.03342344441140687,0.0007360295851436969
clustered_40pct,jump_reversion,1.0,0.0,0.6842105263157895,0.0,0.8125,0.0,0.0,0.0,,,4.029259395096324,0.0463490568460729,0.7896632370998393,0.0187815270240971,0.9875000000000002,0.0,0.90625,0.0,0.9858156028368793,0.0,3.7672745258718536,0.12127533669488741,1.0,0.0,1.801457328248077,0.008818932091472522,1.0,0.0,3.0078240096060465,0.016598592833540825,,,0.0,0.0,0.03315797207566593,0.00011730031556996573
clustered_40pct,local_linear,1.0,0.0,0.25730994152046777,0.010128952091046112,0.40923317683881066,0.01287518205939312,0.0,0.0,,,5.821023889504943,0.0803871087427442,1.7007038381648834,0.0434044925330353,1.0,0.0,0.9694444444444444,0.00120281306081166,1.0,0.0,2.934355716582015,0.032878987477408285,1.0,0.0,2.8383439167439963,0.017198228943447302,1.0,0.0,3.0078240096060465,0.016598592833540825,,,0.0,0.0,0.10019481934917467,0.00040101731495915797
clustered_40pct,local_piecewise,,,0.0,0.0,0.0,0.0,0.0,0.0,,,4.59176125172057,0.028045379522111568,1.0568628720527142,0.008984479652627572,0.8784722222222222,0.007887372702500372,0.8784722222222222,0.007887372702500372,0.9393223010244287,0.009842392432463976,2.652335804188381,0.04711287923279406,0.9858156028368793,0.0,2.4242181611421443,0.05672439878522235,1.0,0.0,3.0078240096060465,0.016598592833540825,,,0.0,0.0,0.1618411669818063,0.0016264122062791886
clustered_40pct,multiscale,1.0,0.0,1.0,0.0,1.0,0.0,0.0,0.0,,,0.5909811087188822,0.008128779422522887,-0.009214957666072167,0.02006816768953243,1.0,0.0,0.88125,0.0,1.0,0.0,2.230049490748948,0.1453080618879908,1.0,0.0,0.1358677672751803,0.010686306159200474,1.0,0.0,3.0078240096060465,0.016598592833540825,,,0.0,0.0,0.06573961131895577,0.0033488849180546244
clustered_40pct,robust_trend,0.9876543209876543,0.02138334330331957,0.4853801169590643,0.02679868827459562,0.6507632510368488,0.028551927733304013,0.0007880220646178,0.0013648942534033547,,,3.974697824249384,0.30313957640677436,0.9866034067438401,0.08537935644306491,1.0,0.0,0.9416666666666668,0.002083333333333409,0.9992119779353822,0.0013648942534034046,0.2805129371866708,0.027183404632310032,1.0,0.0,1.970089089677936,0.12553397234378696,1.0,0.0,3.0078240096060465,0.016598592833540825,1.0,0.0,0.0,0.0,0.0925338608988871,0.0104232188014437
clustered_40pct,rolling_iqr,,,0.0,0.0,0.0,0.0,0.0,0.0,,,6.58599406334343,0.0473560497981058,2.2020950088182905,0.014481533523834404,1.0,0.0,1.0,0.0,1.0,0.0,3.662937084118571,0.09113925467452129,1.0,0.0,3.0078240096060465,0.016598592833540825,1.0,0.0,3.0078240096060465,0.016598592833540825,,,0.0,0.0,0.030282194338117963,0.004638025897245011
dense_gradual,causal_ewma,1.0,0.0,1.0,0.0,1.0,0.0,0.0,0.0,,,0.596042601396211,0.013699946068541444,0.00036340574689603294,0.02246097445718376,0.9875000000000002,0.0,0.9541666666666669,0.0,0.9870689655172412,0.0,0.8944454664365563,0.040548915103458545,0.9870689655172412,0.0,0.1407144651718328,0.00779261355827792,1.0,0.0,0.6619711810290264,0.047577903442703955,,,0.0,0.0,0.028409194666892235,0.00020208979057009807
dense_gradual,consensus,1.0,0.0,0.9791666666666666,0.036084391824351594,0.989247311827957,0.018624202231923397,0.0,0.0,,,0.6774482322561145,0.1515828187196652,0.009880202512184466,0.03220965209284493,0.9875000000000002,0.0,0.9548611111111113,0.001202813060811636,0.9870689655172412,0.0,0.2791107857070882,0.014980896429856116,0.9956896551724138,0.0,0.14911972549242425,0.03317864510078422,1.0,0.0,0.6619711810290264,0.047577903442703955,,,0.0,0.0,0.2280890972663958,0.005406335100873705
dense_gradual,hampel,1.0,0.0,0.9791666666666666,0.036084391824351594,0.989247311827957,0.018624202231923397,0.0,0.0,,,0.6790478206117793,0.15571755732959763,-0.009066830928009,0.016925284596228312,1.0,0.0,0.9673611111111112,0.001202813060811636,1.0,0.0,0.34619206881503545,0.018421739868711498,1.0,0.0,0.14864373054998484,0.025588173674415206,1.0,0.0,0.6619711810290264,0.047577903442703955,,,0.0,0.0,0.03327919395330047,0.0002399926451235442
dense_gradual,jump_reversion,1.0,0.0,0.3125,0.125,0.46689186734953325,0.14667431760244537,0.0,0.0,,,3.0025951599581373,0.2388320961123097,0.015815445206264368,0.03952534276679794,0.9875000000000002,0.0,0.9770833333333333,0.004166666666666569,0.9870689655172412,0.0,0.25713812427403976,0.011940978846746591,1.0,0.0,0.5793898296144026,0.12770820110790604,1.0,0.0,0.6619711810290264,0.047577903442703955,,,0.0,0.0,0.03382998596255977,0.0005068719125558322
dense_gradual,local_linear,1.0,0.0,1.0,0.0,1.0,0.0,0.0,0.0,,,0.594978788530497,0.013512072029806541,0.0003479343035196336,0.019119008204842882,1.0,0.0,0.9666666666666668,0.0,1.0,0.0,0.15007243281982363,0.010583369956242806,1.0,0.0,0.13850143788146876,0.008772989162893994,1.0,0.0,0.6619711810290264,0.047577903442703955,,,0.0,0.0,0.0999506106600165,0.0007211898558745081
dense_gradual,local_piecewise,0.9803921568627451,0.033961780540566276,0.9791666666666666,0.036084391824351594,0.9791463017269469,0.018086267952268448,0.0007183908045977,0.0012442893732535019,,,0.5937482903704436,0.011880369546483128,-0.0011016379626725005,0.022003615458399902,0.9604166666666667,0.0075115651572165675,0.9270833333333334,0.0062500000000000056,0.959051724137931,0.006465517241379365,0.3041916068595625,0.013270271279233433,0.9870689655172412,0.0,0.13555628246691417,0.009060715755968913,1.0,0.0,0.6619711810290264,0.047577903442703955,,,0.0,0.0,0.16143520797292388,0.0006090244451248466
dense_gradual,multiscale,1.0,0.0,0.6458333333333334,0.036084391824351615,0.7844254510921177,0.026317960988700845,0.0,0.0,,,1.872249852217421,0.1113722716994651,-0.0255313381790828,0.043867457527381686,1.0,0.0,0.9784722222222221,0.0012028130608117721,1.0,0.0,1.6735021608350742,0.03703053036925997,1.0,0.0,0.3769835965659669,0.04268889653847488,1.0,0.0,0.6619711810290264,0.047577903442703955,,,0.0,0.0,0.0661642499423275,0.0037691138512833877
dense_gradual,robust_trend,0.872053872053872,0.13714082056845991,1.0,0.0,0.9277605779153766,0.07979772310515298,0.0057471264367816,0.00658416048125838,,,0.5898872557835179,0.012920441223468155,0.002206487226209834,0.020839726756900868,1.0,0.0,0.9611111111111112,0.0063646884652164065,0.9942528735632182,0.006584160481258459,0.32397419984271897,0.011367916273235001,1.0,0.0,0.1378926844000039,0.007695258477422129,1.0,0.0,0.6619711810290264,0.047577903442703955,1.0,0.0,0.0,0.0,0.039704541442915735,0.0016000036245797614
dense_gradual,rolling_iqr,1.0,0.0,0.9791666666666666,0.036084391824351615,0.989247311827957,0.018624202231923397,0.0,0.0,,,0.6748075803601118,0.12538353192293064,-0.008595433360614434,0.03459256622092475,1.0,0.0,0.9673611111111112,0.00120281306081166,1.0,0.0,0.2907896364970623,0.008103921894066207,1.0,0.0,0.16296668163967845,0.03513252306566591,1.0,0.0,0.6619711810290264,0.047577903442703955,,,0.0,0.0,0.028393666647995464,0.0005037310313215068
heteroscedastic,causal_ewma,0.8013285024154589,0.09385969626037899,0.9375,0.0625,0.8592885872297638,0.03378145200181987,0.0086206896551724,0.005702050239363333,,,2.163019812040629,0.030283578848693805,-0.021644994755180724,0.163387094064242,0.9875000000000002,0.0,0.9479166666666666,0.007511565157216776,0.978448275862069,0.005702050239363358,0.8654758190240082,0.0640497063905941,0.9870689655172412,0.0,0.5356091061450703,0.060159409119788475,1.0,0.0,0.8164466976815882,0.015428786907937583,,,0.0,0.0,0.028154819350068697,0.00011239195583574523
heteroscedastic,consensus,0.9521367521367522,0.04176680930895933,0.875,0.125,0.9102706711160549,0.08642251790873082,0.0014367816091954,0.0012442893732535019,,,2.256998947944386,0.09118157365104382,-0.008824137035028537,0.14344714146066964,0.9875000000000002,0.0,0.9569444444444445,0.003182344232608208,0.985632183908046,0.001244289373253346,0.5570212638203315,0.05492160394385499,0.9956896551724138,0.0,0.5235966902279773,0.06419410163666643,1.0,0.0,0.8164466976815882,0.015428786907937583,,,0.0,0.0,0.22790548632231847,0.005334282912665439
heteroscedastic,hampel,0.9523809523809524,0.04123930494211611,0.875,0.10825317547305482,0.9111111111111111,0.07698003589195007,0.0014367816091954,0.0012442893732535019,,,2.280219101056131,0.06319638156847164,-0.005797561178468395,0.12313329648235047,1.0,0.0,0.9694444444444444,0.0024056261216232958,0.9985632183908045,0.0012442893732535223,0.5241476713020637,0.09192379123113559,1.0,0.0,0.5435041064723911,0.051363408811613394,1.0,0.0,0.8164466976815882,0.015428786907937583,,,0.0,0.0,0.03352483330915367,0.0005430959221192251
heteroscedastic,jump_reversion,0.935749299719888,0.006482320931923428,0.9166666666666666,0.09547032697824666,0.9246212121212122,0.05270871103099682,0.0021551724137931,0.0,,,2.2071106293951406,0.0847948003664136,-0.012468393452847865,0.11857300429209812,0.9875000000000002,0.0,0.9548611111111112,0.0031823442326082804,0.9849137931034484,0.0,0.5359660904349104,0.05919768614311623,1.0,0.0,0.5243218607052099,0.10775861955736293,1.0,0.0,0.8164466976815882,0.015428786907937583,,,0.0,0.0,0.033638416711861865,0.0008683902555435409
heteroscedastic,local_linear,0.9521367521367522,0.04176680930895933,0.8541666666666666,0.09547032697824666,0.8995179829440119,0.07015139364498198,0.0014367816091954,0.0012442893732535019,,,2.2989573103378227,0.09587466551847673,-0.02333627377700916,0.15457585190106807,1.0,0.0,0.970138888888889,0.002405626121623512,0.9985632183908045,0.0012442893732535223,0.5527873384442608,0.06153835676979302,1.0,0.0,0.5389803813617253,0.06280016145203282,1.0,0.0,0.8164466976815882,0.015428786907937583,,,0.0,0.0,0.10001281974837177,0.0013398574219038175
heteroscedastic,local_piecewise,0.9791666666666666,0.036084391824351615,0.8125,0.10825317547305482,0.8839285714285715,0.04639421805988066,0.0007183908045977,0.0012442893732535019,,,2.3686608588399594,0.08430778291873842,-0.020600547503037192,0.136845955169096,0.9569444444444444,0.005242940580049194,0.9291666666666667,0.00208333333333334,0.9554597701149427,0.00448634913678035,1.0438756671076623,0.05877935162814881,0.9870689655172412,0.0,0.5569561313942959,0.04188960798372102,1.0,0.0,0.8164466976815882,0.015428786907937583,,,0.0,0.0,0.16043083307643727,0.0014611129191681564
heteroscedastic,multiscale,0.9761904761904763,0.04123930494211609,0.8958333333333334,0.09547032697824667,0.9333333333333332,0.06666666666666662,0.0007183908045977,0.0012442893732535019,,,2.2453669977007515,0.06606658487619518,-0.01271897491451679,0.13172137479692686,1.0,0.0,0.9694444444444444,0.0024056261216232958,0.9992816091954023,0.0012442893732535463,0.4452952983857557,0.09711874741495267,1.0,0.0,0.5236207465340027,0.06767886792587761,1.0,0.0,0.8164466976815882,0.015428786907937583,,,0.0,0.0,0.06679894456950324,0.005677408665855113
heteroscedastic,robust_trend,0.9150997150997151,0.023271313796765964,0.875,0.125,0.8906628279787999,0.05782783345818705,0.0028735632183908,0.0012442893732535019,,,2.237499068183107,0.10654931750980821,-0.020678869020340756,0.15310485189764433,1.0,0.0,0.9680555555555556,0.005242940580049173,0.9971264367816092,0.0012442893732534503,0.2905732296772439,0.02081748165621001,1.0,0.0,0.5282140893824785,0.06729073407805188,1.0,0.0,0.8164466976815882,0.015428786907937583,1.0,0.0,0.0,0.0,0.12950037458601094,0.06095412100243207
heteroscedastic,rolling_iqr,0.9521367521367522,0.04176680930895933,0.875,0.125,0.9102706711160549,0.08642251790873082,0.0014367816091954,0.0012442893732535019,,,2.251885670010991,0.09389002504341333,-0.010869046788170356,0.14878585514060674,1.0,0.0,0.9694444444444446,0.003182344232608208,0.9985632183908045,0.0012442893732535223,0.45163991844293494,0.07506394526461534,1.0,0.0,0.5283158273409501,0.06722549804312375,1.0,0.0,0.8164466976815882,0.015428786907937583,,,0.0,0.0,0.030366471968591168,0.003795749597972396
irregular,causal_ewma,1.0,0.0,0.9791666666666666,0.036084391824351615,0.989247311827957,0.018624202231923397,0.0,0.0,,,0.5947397498680363,0.012250878056956965,0.005823074052707502,0.021076147512588222,0.975,0.0,0.9423611111111111,0.00120281306081166,0.9748563218390806,0.0012442893732536346,0.28197387997582807,0.014672264092674239,0.9748563218390806,0.0012442893732536346,0.14484833011184836,0.01407088980323386,1.0,0.0,0.8006888928705559,0.11425407012296487,,,0.0,0.0,0.028428263884658567,0.00032908665719086426
irregular,consensus,1.0,0.0,1.0,0.0,1.0,0.0,0.0,0.0,,,0.591928818911755,0.012789601348076916,0.0032070264026315344,0.02028244234399441,0.975,0.0,0.9416666666666668,0.0,0.9741379310344828,0.0,0.14547662605873787,0.01893892785258782,0.9913793103448277,0.0,0.14369250525745347,0.02044554079760391,1.0,0.0,0.8006888928705559,0.11425407012296487,,,0.0,0.0,0.22643502801656715,0.004462199903617673
irregular,hampel,0.9803921568627451,0.033961780540566325,1.0,0.0,0.98989898989899,0.017495462702715934,0.0007183908045977,0.0012442893732535019,,,0.5913994608619412,0.016482397886744396,0.005680941421831401,0.012837366483904721,1.0,0.0,0.9659722222222222,0.0012028130608118842,0.9992816091954023,0.0012442893732535223,0.1421793728827292,0.029866841434179506,1.0,0.0,0.14167338700119483,0.011492158988554785,1.0,0.0,0.8006888928705559,0.11425407012296487,,,0.0,0.0,0.03379962531228856,0.0007434197387688976
irregular,jump_reversion,1.0,0.0,1.0,0.0,1.0,0.0,0.0,0.0,,,0.591928818911755,0.012789601348076916,0.0032070264026315344,0.02028244234399441,0.975,0.0,0.9416666666666668,0.0,0.9741379310344828,0.0,0.1413832988160966,0.01785568090134445,1.0,0.0,0.14369250525745347,0.02044554079760391,1.0,0.0,0.8006888928705559,0.11425407012296487,,,0.0,0.0,0.035206902306526865,0.003260552757599116
irregular,local_linear,0.9803921568627451,0.033961780540566276,1.0,0.0,0.98989898989899,0.01749546270271598,0.0007183908045977,0.0012442893732535019,,,0.5917326383608892,0.014422842394829903,0.0056011359707616,0.01635954034327809,1.0,0.0,0.9659722222222222,0.0012028130608118363,0.9992816091954023,0.0012442893732535223,0.15343652600872862,0.016565806827026477,1.0,0.0,0.1408460085104298,0.010098817107803172,1.0,0.0,0.8006888928705559,0.11425407012296487,,,0.0,0.0,0.10098327766172581,0.0007630238398452062
irregular,local_piecewise,1.0,0.0,0.9375,0.0625,0.9670250896057347,0.033339113847264554,0.0,0.0,,,0.5934877817991938,0.010036596787307617,0.001696810440604133,0.02583868065737012,0.9402777777777778,0.006014065304058637,0.9090277777777779,0.004336804165554348,0.9403735632183907,0.004486349136780452,0.51048075965686,0.11782072023643833,0.9741379310344828,0.0,0.13838846491092482,0.021628075060559707,1.0,0.0,0.8006888928705559,0.11425407012296487,,,0.0,0.0,0.15866329202738896,0.0007909880813987977
irregular,multiscale,1.0,0.0,1.0,0.0,1.0,0.0,0.0,0.0,,,0.5931792127600363,0.01391016242113471,0.0044037655983826,0.015030900896587755,1.0,0.0,0.9666666666666668,0.0,1.0,0.0,0.12398134131848333,0.03043914834119226,1.0,0.0,0.14219490515844163,0.010604844941623183,1.0,0.0,0.8006888928705559,0.11425407012296487,,,0.0,0.0,0.0636456249436984,0.0004525056509301648
irregular,robust_trend,0.9803921568627451,0.033961780540566325,1.0,0.0,0.98989898989899,0.017495462702715934,0.0007183908045977,0.0012442893732535019,,,0.5913994608619412,0.016482397886744396,0.005680941421831401,0.012837366483904721,1.0,0.0,0.9659722222222222,0.0012028130608118842,0.9992816091954023,0.0012442893732535223,0.0573833765819636,0.010875847373887556,1.0,0.0,0.14167338700119483,0.011492158988554785,1.0,0.0,0.8006888928705559,0.11425407012296487,1.0,0.0,0.0,0.0,0.1339573749961952,0.024449345075157954
irregular,rolling_iqr,1.0,0.0,1.0,0.0,1.0,0.0,0.0,0.0,,,0.5931792127600363,0.01391016242113471,0.0044037655983826,0.015030900896587755,1.0,0.0,0.9666666666666668,0.0,1.0,0.0,0.12799386348406905,0.015405011888752198,1.0,0.0,0.14219490515844163,0.010604844941623183,1.0,0.0,0.8006888928705559,0.11425407012296487,,,0.0,0.0,0.0279280693115045,0.0001135531355850912
jump_adjacent,causal_ewma,0.9262187088274044,0.06688295202369991,0.9649122807017544,0.060773712546276365,0.9423526516549772,0.01122138760019748,0.003623188405797067,0.0033207070253302804,,,0.838480265114128,0.4132888081730191,0.015198871789906468,0.010454119327573065,0.9770833333333332,0.0,0.9340277777777778,0.0066969796951340055,0.9732041246188187,0.0045517943378704006,0.7020633197714797,0.41875038151568633,0.9768273130246157,0.001282335078696163,1.011460343032889,0.055174901865046734,1.0,0.0,1.137741159971278,0.22181566233439085,,,0.0,0.0,0.02774670797710613,0.0002810729791336886
jump_adjacent,consensus,1.0,0.0,0.7807017543859649,0.072991733553385,0.8755680049797697,0.04682158768037857,0.0,0.0,,,1.960464484277369,0.5587453679511658,0.042608236110253966,0.03807138173972363,0.9875000000000002,0.0,0.9555555555555557,0.002405626121623352,0.9869659530321607,1.633547870945938e-05,0.7694769902761028,0.18763661969004436,0.9956553176773869,5.445159569632839e-06,0.7769100346234379,0.0663778059789669,1.0,0.0,1.137741159971278,0.22181566233439085,,,0.0,0.0,0.22728727765691772,0.0036418785505558104
jump_adjacent,hampel,1.0,0.0,0.8815789473684211,0.027474490812922504,0.9369105948053317,0.015649687239769356,0.0,0.0,,,1.4628593040333158,0.2648597562209756,0.042339814118972606,0.0333013774793033,1.0,0.0,0.9638888888888889,0.00120281306081166,1.0,0.0,0.5723279743623032,0.6897612565811772,1.0,0.0,0.8010973260723301,0.00619311541952478,1.0,0.0,1.137741159971278,0.22181566233439085,,,0.0,0.0,0.033316402928903664,0.0005149559584815969
jump_adjacent,jump_reversion,1.0,0.0,0.7631578947368421,0.05494898162584506,0.8649237472766883,0.035997193119517004,0.0,0.0,,,2.0906770250207174,0.454265852925541,0.0607971662316941,0.06955908602044336,0.9875000000000002,0.0,0.9562500000000002,0.0020833333333332843,0.9869659530321607,1.633547870945938e-05,1.256343357089076,0.0629349508117939,1.0,0.0,0.8197910866076548,0.14011902137275642,1.0,0.0,1.137741159971278,0.22181566233439085,,,0.0,0.0,0.03375037503428754,0.0007182926252682602
jump_adjacent,local_linear,1.0,0.0,0.8315789473684211,0.05469634129164871,0.9074074074074074,0.03207501495497922,0.0,0.0,,,1.6826934489434773,0.4429264254414597,0.028597559998162967,0.014989415736179809,1.0,0.0,0.9659722222222222,0.0012028130608118842,1.0,0.0,0.7530204659602854,0.07732855036610563,1.0,0.0,0.786745595846635,0.031219782172848775,1.0,0.0,1.137741159971278,0.22181566233439085,,,0.0,0.0,0.10106475007099407,0.0009494583113619685
jump_adjacent,local_piecewise,0.9803921568627451,0.033961780540566276,0.7640350877192983,0.10097630523919918,0.8556764556764557,0.06370241681813779,0.0007246376811594,0.0012551092808469775,,,1.1472975075616587,0.5623088907276907,0.015040145846553466,0.0044884525749331,0.9472222222222221,0.0043368041655543815,0.9152777777777777,0.0024056261216234324,0.9522116382155995,0.004291362695671913,0.8371497769926001,0.18428170139179043,0.9869659530321607,1.633547870945938e-05,0.9393490968976203,0.10207520099987552,1.0,0.0,1.137741159971278,0.22181566233439085,,,0.0,0.0,0.15990774969880775,0.0008068612525017707
jump_adjacent,multiscale,1.0,0.0,0.8482456140350877,0.08512388451900442,0.9163185742133111,0.051268523753889385,0.0,0.0,,,1.6594295211183565,0.5953822892190814,0.008203721795267899,0.03577113883226713,1.0,0.0,0.9652777777777777,0.003182344232608208,1.0,0.0,0.8618745314457757,0.604634121385547,1.0,0.0,0.7733985323294309,0.053853572929005604,1.0,0.0,1.137741159971278,0.22181566233439085,,,0.0,0.0,0.06559409690089517,0.004260705012829511
jump_adjacent,robust_trend,1.0,0.0,0.9824561403508772,0.030386856273138158,0.990990990990991,0.015604061329449323,0.0,0.0,,,0.677558488065404,0.13253679281006542,0.0070614665295414,0.004529967440292357,1.0,0.0,0.9597222222222223,0.0024056261216234324,1.0,0.0,0.07127794236822277,0.015000002093792986,1.0,0.0,0.8336679226513515,0.022421325820817222,1.0,0.0,1.137741159971278,0.22181566233439085,1.0,0.0,0.0,0.0,0.11855337466113262,0.027231390456542454
jump_adjacent,rolling_iqr,1.0,0.0,0.7631578947368421,0.05494898162584506,0.8649237472766883,0.035997193119517004,0.0,0.0,,,2.078142336473507,0.4513866601200508,0.05980951382068367,0.07124285452274377,1.0,0.0,0.96875,0.002083333333333215,1.0,0.0,1.2821914538958812,0.14037891545767656,1.0,0.0,0.8200246974514053,0.14042059472295187,1.0,0.0,1.137741159971278,0.22181566233439085,,,0.0,0.0,0.027790916695569903,0.0009932498169546676
liquidity_shift,causal_ewma,0.7320346320346319,0.06105737955508308,0.9583333333333334,0.036084391824351615,0.8297244613034086,0.05233679739463706,0.0122126436781609,0.00329208024062919,,,1.8833753522837664,0.19006682711011072,0.0166293371190213,0.11921144922618829,0.9875000000000002,0.0,0.94375,0.002083333333333215,0.9748563218390803,0.0032920802406291748,0.7291584236615178,0.05387957562071577,0.9870689655172412,0.0,0.506124377210563,0.12687485915775173,1.0,0.0,0.818603793330765,0.04235779049623482,,,0.0,0.0,0.030494583304971432,0.004444848560176403
liquidity_shift,consensus,0.8958333333333334,0.1301041249666333,0.9375,0.0,0.9128584229390682,0.07051115920939578,0.004310344827586201,0.005702050239363333,,,1.8406935034664587,0.025493619172786964,0.009650340573217031,0.06369096483202345,0.9875000000000002,0.0,0.9520833333333334,0.0055119818980513685,0.9827586206896552,0.005702050239363201,0.5713425393377336,0.07303931460914204,0.9956896551724138,0.0,0.48863623954111834,0.11282315023292201,1.0,0.0,0.818603793330765,0.04235779049623482,,,0.0,0.0,0.22471819499817983,0.0019379873207421123
liquidity_shift,hampel,0.8239422084623323,0.05085824518381267,0.9583333333333334,0.036084391824351615,0.8850408850408851,0.026186931387813805,0.007183908045977,0.0024885787465070038,,,1.8095628732797537,0.09929019286444535,-0.0061820719331384015,0.09958937784519112,1.0,0.0,0.9611111111111111,0.003182344232608138,0.992816091954023,0.0024885787465070124,0.4986785432041299,0.06502416723496912,1.0,0.0,0.50608268647048,0.11926177816603964,1.0,0.0,0.818603793330765,0.04235779049623482,,,0.0,0.0,0.03356219463360804,0.0006707900612811453
liquidity_shift,jump_reversion,0.8906088751289989,0.1055057000547538,0.9375,0.0,0.9113252339058792,0.055333382220902796,0.0043103448275862,0.0043103448275862,,,1.851865334827271,0.035191467794727205,0.0011413652968960363,0.0676964859252472,0.9875000000000002,0.0,0.9520833333333333,0.004166666666666707,0.9827586206896551,0.004310344827586132,0.4895339522738473,0.029311418602557645,1.0,0.0,0.5435032959790872,0.19333718653701482,1.0,0.0,0.818603793330765,0.04235779049623482,,,0.0,0.0,0.033248805518572504,0.00011278654911633449
liquidity_shift,local_linear,0.8107843137254903,0.06683226261629122,0.9583333333333334,0.036084391824351615,0.8771043771043772,0.03922956295532338,0.007902298850574701,0.00329208024062919,,,1.7972731454100714,0.08738350335907237,0.0010863198159285676,0.09666890567545043,1.0,0.0,0.9604166666666667,0.003608439182435068,0.9920977011494253,0.0032920802406292324,0.5615381695396892,0.07010606233724974,1.0,0.0,0.49421101399649364,0.10019938326765736,1.0,0.0,0.818603793330765,0.04235779049623482,,,0.0,0.0,0.0993360973273714,0.00011365337352950434
liquidity_shift,local_piecewise,0.9553571428571429,0.038918740567327414,0.8125,0.125,0.8729938271604939,0.06158683614147411,0.0014367816091954,0.0012442893732535019,,,2.232300935421915,0.4301603097675239,0.0127806241381104,0.06828835693899699,0.9319444444444445,0.013871516913498784,0.9034722222222222,0.008673608331108954,0.92816091954023,0.013168320962516708,1.330701863951335,0.07308476124832727,0.9870689655172412,0.0,0.537424646147355,0.1289814407917983,0.9956896551724138,0.0021551724137930106,0.818603793330765,0.04235779049623482,,,0.0,0.0,0.16202848606432477,0.003918917019194374
liquidity_shift,multiscale,0.6888374783111626,0.06460410201807168,0.9375,0.0625,0.7909051909051908,0.025690213491784776,0.0150862068965517,0.005702050239363333,,,1.7695853691195857,0.12301964401198982,-0.0060505353571623415,0.1387793899523208,1.0,0.0,0.9541666666666666,0.007511565157216783,0.9849137931034481,0.005702050239363253,0.4189812979978333,0.03899528418208609,1.0,0.0,0.5152921539963397,0.05797532571644018,1.0,0.0,0.818603793330765,0.04235779049623482,,,0.0,0.0,0.0638935693229238,0.001184377606122227
liquidity_shift,robust_trend,0.8239422084623323,0.05085824518381267,0.9583333333333334,0.036084391824351615,0.8850408850408851,0.026186931387813805,0.007183908045977,0.0024885787465070038,,,1.8095628732797537,0.09929019286444535,-0.0061820719331384015,0.09958937784519112,1.0,0.0,0.9611111111111111,0.003182344232608138,0.992816091954023,0.0024885787465070124,0.2615298503174354,0.03973460399189727,1.0,0.0,0.50608268647048,0.11926177816603964,1.0,0.0,0.818603793330765,0.04235779049623482,1.0,0.0,0.0,0.0,0.115966305291901,0.026294220474196148
liquidity_shift,rolling_iqr,0.8634259259259259,0.08048767893848939,0.8958333333333334,0.036084391824351594,0.8786764705882352,0.05707417167742658,0.005028735632183899,0.00329208024062919,,,1.9416780935143165,0.10638043470218728,-0.019460548386246567,0.09664996137917822,1.0,0.0,0.9652777777777778,0.002405626121623496,0.9949712643678161,0.0032920802406291505,0.48487480208779177,0.06947002849656411,1.0,0.0,0.5242894823646238,0.15230979334132325,1.0,0.0,0.818603793330765,0.04235779049623482,,,0.0,0.0,0.02763351394484433,0.00024456920043886785
noisy_flat,causal_ewma,0.9803921568627451,0.033961780540566276,1.0,0.0,0.98989898989899,0.01749546270271598,0.0007183908045977,0.0012442893732535019,,,0.5945257700264756,0.013104072547362785,-0.0008600137256949669,0.021643743134299558,0.9875000000000002,0.0,0.9534722222222222,0.0012028130608119083,0.9863505747126435,0.0012442893732533382,0.25664528473121045,0.011299253831644374,0.9870689655172412,0.0,0.13610326400417394,0.012777724891319361,1.0,0.0,0.664198143034382,0.05550770204626956,,,0.0,0.0,0.029792888943726767,0.0007863933533237015
noisy_flat,consensus,1.0,0.0,1.0,0.0,1.0,0.0,0.0,0.0,,,0.5953436880943915,0.013162872692330305,0.0005542366450061997,0.02189389130870971,0.9875000000000002,0.0,0.9541666666666669,0.0,0.9870689655172412,0.0,0.14344779120939852,0.021378134881125156,0.9956896551724138,0.0,0.13195413128329173,0.014794500548948862,1.0,0.0,0.664198143034382,0.05550770204626956,,,0.0,0.0,0.2333085000670204,0.005961306720667047
noisy_flat,hampel,1.0,0.0,1.0,0.0,1.0,0.0,0.0,0.0,,,0.5949787885304968,0.01351207202980642,0.0003479343035197007,0.019119008204842754,1.0,0.0,0.9666666666666668,0.0,1.0,0.0,0.13933636947821215,0.03605455688019408,1.0,0.0,0.13373745232288295,0.012763809985393998,1.0,0.0,0.664198143034382,0.05550770204626956,,,0.0,0.0,0.0346454720323284,0.00015140289194963925
noisy_flat,jump_reversion,1.0,0.0,1.0,0.0,1.0,0.0,0.0,0.0,,,0.5953436880943915,0.013162872692330305,0.0005542366450061997,0.02189389130870971,0.9875000000000002,0.0,0.9541666666666669,0.0,0.9870689655172412,0.0,0.14091920220778598,0.02059649560684331,1.0,0.0,0.13195413128329173,0.014794500548948862,1.0,0.0,0.664198143034382,0.05550770204626956,,,0.0,0.0,0.036828013990695234,0.0044108358554195365
noisy_flat,local_linear,1.0,0.0,1.0,0.0,1.0,0.0,0.0,0.0,,,0.5949787885304968,0.01351207202980642,0.0003479343035197007,0.019119008204842754,1.0,0.0,0.9666666666666668,0.0,1.0,0.0,0.1475820824608457,0.009200318472509638,1.0,0.0,0.13373745232288295,0.012763809985393998,1.0,0.0,0.664198143034382,0.05550770204626956,,,0.0,0.0,0.10278381958293416,0.0008520044786741596
noisy_flat,local_piecewise,0.9803921568627451,0.033961780540566276,0.9791666666666666,0.036084391824351594,0.9791463017269469,0.018086267952268448,0.0007183908045977,0.0012442893732535019,,,0.5937166228313047,0.01218950704719177,-0.00021280526734086583,0.0216109156134426,0.9604166666666667,0.007216878364870297,0.9270833333333334,0.005511981898051085,0.959051724137931,0.005702050239363358,0.3005539235590969,0.014405052312111354,0.9870689655172412,0.0,0.1319919137583451,0.012886088302414833,1.0,0.0,0.664198143034382,0.05550770204626956,,,0.0,0.0,0.16600119400148583,0.000700247721801173
noisy_flat,multiscale,1.0,0.0,1.0,0.0,1.0,0.0,0.0,0.0,,,0.5949787885304968,0.01351207202980642,0.0003479343035197007,0.019119008204842754,1.0,0.0,0.9666666666666668,0.0,1.0,0.0,0.11907074588120918,0.03398287332464392,1.0,0.0,0.13373745232288295,0.012763809985393998,1.0,0.0,0.664198143034382,0.05550770204626956,,,0.0,0.0,0.06584938879435258,0.0008414927568035865
noisy_flat,robust_trend,1.0,0.0,1.0,0.0,1.0,0.0,0.0,0.0,,,0.5949787885304968,0.01351207202980642,0.0003479343035197007,0.019119008204842754,1.0,0.0,0.9666666666666668,0.0,1.0,0.0,0.0386945884628205,0.011428154340427325,1.0,0.0,0.13373745232288295,0.012763809985393998,1.0,0.0,0.664198143034382,0.05550770204626956,1.0,0.0,0.0,0.0,0.12582976363288853,0.016060555062742357
noisy_flat,rolling_iqr,1.0,0.0,1.0,0.0,1.0,0.0,0.0,0.0,,,0.5949787885304968,0.01351207202980642,0.0003479343035197007,0.019119008204842754,1.0,0.0,0.9666666666666668,0.0,1.0,0.0,0.12191422233538174,0.011383222696610625,1.0,0.0,0.13373745232288295,0.012763809985393998,1.0,0.0,0.664198143034382,0.05550770204626956,,,0.0,0.0,0.02882901400638117,0.0008830254881785945
one_sided,causal_ewma,0.9803921568627451,0.033961780540566276,1.0,0.0,0.98989898989899,0.01749546270271598,0.0007183908045977,0.0012442893732535019,,,0.5945257700264756,0.013104072547362785,-0.0008600137256949669,0.021643743134299558,0.9875000000000002,0.0,0.9534722222222222,0.0012028130608119083,0.9863505747126435,0.0012442893732533382,0.2872696392400607,0.022044271729672774,0.9870689655172412,0.0,0.13610326400417394,0.012777724891319361,1.0,0.0,0.9407977150576748,0.031774648656813884,,,0.0,0.0,0.028440097036461,0.0010304083678729613
one_sided,consensus,1.0,0.0,1.0,0.0,1.0,0.0,0.0,0.0,,,0.5953436880943915,0.013162872692330305,0.0005542366450061997,0.02189389130870971,0.9875000000000002,0.0,0.9541666666666669,0.0,0.9870689655172412,0.0,0.14532070704601632,0.02658036312509493,0.9956896551724138,0.0,0.13195413128329173,0.014794500548948862,1.0,0.0,0.9407977150576748,0.031774648656813884,,,0.0,0.0,0.2305478059376279,0.011107390700995458
one_sided,hampel,1.0,0.0,1.0,0.0,1.0,0.0,0.0,0.0,,,0.5949787885304968,0.01351207202980642,0.0003479343035197007,0.019119008204842754,1.0,0.0,0.9666666666666668,0.0,1.0,0.0,0.14155008967708743,0.036979888996576546,1.0,0.0,0.13373745232288295,0.012763809985393998,1.0,0.0,0.9407977150576748,0.031774648656813884,,,0.0,0.0,0.03539858339354393,0.0019698642128032876
one_sided,jump_reversion,1.0,0.0,1.0,0.0,1.0,0.0,0.0,0.0,,,0.5953436880943915,0.013162872692330305,0.0005542366450061997,0.02189389130870971,0.9875000000000002,0.0,0.9541666666666669,0.0,0.9870689655172412,0.0,0.14279877107029654,0.0260862401465261,1.0,0.0,0.13195413128329173,0.014794500548948862,1.0,0.0,0.9407977150576748,0.031774648656813884,,,0.0,0.0,0.034980722314988534,0.0011832050702141183
one_sided,local_linear,1.0,0.0,1.0,0.0,1.0,0.0,0.0,0.0,,,0.5949787885304968,0.01351207202980642,0.0003479343035197007,0.019119008204842754,1.0,0.0,0.9666666666666668,0.0,1.0,0.0,0.1503578106578913,0.01997920865664891,1.0,0.0,0.13373745232288295,0.012763809985393998,1.0,0.0,0.9407977150576748,0.031774648656813884,,,0.0,0.0,0.10166488898297144,0.0024723652234659825
one_sided,local_piecewise,0.9595588235294117,0.03507129416974064,0.9791666666666666,0.036084391824351594,0.9690656565656566,0.031254782309309545,0.0014367816091954,0.0012442893732535019,,,0.5938952435446717,0.011781676500864483,0.0032189989875406333,0.02358276237805805,0.9618055555555555,0.007887372702500294,0.9277777777777779,0.006696979695134001,0.9597701149425287,0.0069279100294489596,0.5090076598132414,0.16290224804864464,0.9870689655172412,0.0,0.13330236577949958,0.01521276933879948,1.0,0.0,0.9407977150576748,0.031774648656813884,,,0.0,0.0,0.16351647209376094,0.004696560826146628
one_sided,multiscale,1.0,0.0,1.0,0.0,1.0,0.0,0.0,0.0,,,0.5949787885304968,0.01351207202980642,0.0003479343035197007,0.019119008204842754,1.0,0.0,0.9666666666666668,0.0,1.0,0.0,0.12458782396385404,0.03720223140336579,1.0,0.0,0.13373745232288295,0.012763809985393998,1.0,0.0,0.9407977150576748,0.031774648656813884,,,0.0,0.0,0.06535431890127553,0.002501437862331883
one_sided,robust_trend,1.0,0.0,1.0,0.0,1.0,0.0,0.0,0.0,,,0.5949787885304968,0.01351207202980642,0.0003479343035197007,0.019119008204842754,1.0,0.0,0.9666666666666668,0.0,1.0,0.0,0.06921538341574794,0.020703847801625746,1.0,0.0,0.13373745232288295,0.012763809985393998,1.0,0.0,0.9407977150576748,0.031774648656813884,1.0,0.0,0.0,0.0,0.1291389583299557,0.012294516177800592
one_sided,rolling_iqr,1.0,0.0,1.0,0.0,1.0,0.0,0.0,0.0,,,0.5949787885304968,0.01351207202980642,0.0003479343035197007,0.019119008204842754,1.0,0.0,0.9666666666666668,0.0,1.0,0.0,0.12494134684128337,0.017597163251084756,1.0,0.0,0.13373745232288295,0.012763809985393998,1.0,0.0,0.9407977150576748,0.031774648656813884,,,0.0,0.0,0.03136936132796103,0.0029205970568427415
regime,causal_ewma,0.8732943469785575,0.027010538909456174,1.0,0.0,0.9322128851540615,0.01552538538997301,0.005028735632183899,0.0012442893732535017,,,0.594340518156569,0.011050924677410291,-0.004927653624579667,0.01712364111786429,0.9770833333333332,0.0,0.9388888888888888,0.00120281306081166,0.9712643678160919,0.0012442893732534824,1.0813817824236829,0.006972044998649803,0.9762931034482761,0.0,1.2201485087128956,0.020117201689766804,1.0,0.0,1.1483126475615444,0.03395938314322844,,,0.0,0.0,0.0292434307436148,0.00042446127039674254
regime,consensus,1.0,0.0,0.9791666666666666,0.036084391824351615,0.989247311827957,0.018624202231923397,0.0,0.0,,,0.6787958276805913,0.13620745255205485,-0.011554366769640568,0.032381213610381494,0.9875000000000002,0.0,0.9548611111111113,0.00120281306081166,0.9870689655172412,0.0,0.8759185261356399,0.03486082817631493,0.9956896551724138,0.0,0.9845645128693173,0.024372560325130826,1.0,0.0,1.1483126475615444,0.03395938314322844,,,0.0,0.0,0.23260873594942189,0.0026397486961817805
regime,hampel,0.96078431372549,0.03396178054056631,1.0,0.0,0.9797979797979798,0.017495462702715972,0.0014367816091954,0.0012442893732535019,,,0.5930099199034901,0.01351547090266815,-0.0005129946789740001,0.012192357809001178,1.0,0.0,0.9652777777777777,0.0012028130608118443,0.9985632183908045,0.0012442893732535223,0.718344794325255,0.016190592368376198,1.0,0.0,1.0058104337515494,0.012090077398042043,1.0,0.0,1.1483126475615444,0.03395938314322844,,,0.0,0.0,0.03699522217114763,0.0035759457847477348
regime,jump_reversion,1.0,0.0,0.9791666666666666,0.036084391824351615,0.989247311827957,0.018624202231923397,0.0,0.0,,,0.6787958276805913,0.13620745255205485,-0.011554366769640568,0.032381213610381494,0.9875000000000002,0.0,0.9548611111111113,0.00120281306081166,0.9870689655172412,0.0,1.475917317816507,0.008793889431400111,1.0,0.0,0.9845645128693173,0.024372560325130826,1.0,0.0,1.1483126475615444,0.03395938314322844,,,0.0,0.0,0.037155943922698435,0.0050730769842236905
regime,local_linear,0.9803921568627451,0.033961780540566325,1.0,0.0,0.98989898989899,0.017495462702715934,0.0007183908045977,0.0012442893732535019,,,0.5932901491001942,0.01394807881016487,-0.0011784337859148334,0.0114752606753196,1.0,0.0,0.9659722222222222,0.0012028130608118842,0.9992816091954023,0.0012442893732535223,0.974585920029326,0.01959963980404558,1.0,0.0,0.9984077820100513,0.0012349575987307799,1.0,0.0,1.1483126475615444,0.03395938314322844,,,0.0,0.0,0.1044880420279999,0.00042966130702115754
regime,local_piecewise,0.9803921568627451,0.033961780540566276,0.9583333333333334,0.07216878364870322,0.9676767676767676,0.033379215438097645,0.0007183908045977,0.0012442893732535019,,,0.6784013795134639,0.1442609657348156,-0.015049766301838666,0.033565631624135096,0.9555555555555556,0.008419691425682002,0.9229166666666666,0.00751156515721681,0.9540229885057471,0.007568716776474624,0.9493163587202366,0.0578812689403566,0.9870689655172412,0.0,1.106628244081092,0.016559665772744033,1.0,0.0,1.1483126475615444,0.03395938314322844,,,0.0,0.0,0.16747730597853658,0.003721732282894724
regime,multiscale,1.0,0.0,1.0,0.0,1.0,0.0,0.0,0.0,,,0.5950515972392517,0.011527321938354802,-0.002451763584132967,0.013669712742650032,1.0,0.0,0.9666666666666668,0.0,1.0,0.0,0.9690961714959969,0.13533290740675802,1.0,0.0,0.998413987070106,0.0012310749213623499,1.0,0.0,1.1483126475615444,0.03395938314322844,,,0.0,0.0,0.06659981973158809,0.0013890557003825934
regime,robust_trend,0.96078431372549,0.03396178054056629,1.0,0.0,0.9797979797979798,0.017495462702715965,0.0014367816091954,0.0012442893732535019,,,0.5926562154010636,0.014057739573871596,-0.0020249280092510666,0.010967321951328303,1.0,0.0,0.9652777777777777,0.0012028130608118283,0.9985632183908045,0.0012442893732535463,0.06387090385807444,0.020638069053694908,1.0,0.0,1.0043994082320407,0.011600373512966524,1.0,0.0,1.1483126475615444,0.03395938314322844,1.0,0.0,0.0,0.0,0.10901399965708447,0.02251516405692961
regime,rolling_iqr,1.0,0.0,0.9791666666666666,0.036084391824351615,0.989247311827957,0.018624202231923397,0.0,0.0,,,0.6775708477827077,0.13456653534688914,-0.011606423990785033,0.029495256714180098,1.0,0.0,0.9673611111111112,0.00120281306081166,1.0,0.0,1.4561951735081564,0.03262465141919667,1.0,0.0,0.9848273595548781,0.024000354454129118,1.0,0.0,1.1483126475615444,0.03395938314322844,,,0.0,0.0,0.029180014040321067,0.00019202404042675524
sparse,causal_ewma,0.6666666666666666,0.5773502691896258,0.20000000000000004,0.2,0.30158730158730157,0.287033989206748,0.0021505376344086,0.003724840446384679,,,0.575775446362408,0.026242628872206936,0.042375877374248104,0.25675869160419645,0.14583333333333334,0.10161456998547665,0.13749999999999998,0.09822646028438568,0.1419354838709677,0.10139505577743037,0.33300316517737805,0.09416895115731748,0.14447702834799603,0.098299096785808,0.370592703210128,0.0799284353129918,0.10346320346320344,0.10017974513185106,1.064535951589158,0.029646342669249922,,,0.0,0.0,0.010124375345185333,0.00018525796719838874
sparse,consensus,0.7407407407407408,0.16037507477489607,1.0,0.0,0.8441558441558442,0.11247083166031674,0.012903225806451599,0.011174521339154036,,,0.5911021189903516,0.014858273862799403,0.0015254158688240331,0.022037628369741626,0.9625,0.0,0.9187500000000001,0.010825317547305525,0.9483870967741935,0.011174521339153995,0.23823711872830575,0.013354351250504647,0.9892054182376763,0.003725076029281791,0.18582117962304845,0.017006091581920426,0.9632732858539311,0.0038699641001399376,1.064535951589158,0.029646342669249922,,,0.0,0.0,0.0766849995901187,0.0010036000814110596
sparse,hampel,0.8518518518518517,0.25660011963983365,1.0,0.0,0.9047619047619048,0.1649572197684645,0.0086021505376344,0.014899361785538716,,,0.5965853493631026,0.019296230810379303,0.0020546482207780326,0.021151522527230716,0.9895833333333334,0.009547032697824684,0.9500000000000001,0.018749999999999975,0.9806451612903225,0.019354838709677413,0.22880524915324704,0.027614636040093687,0.9935064935064934,0.006493506493506523,0.19537956637316078,0.008970483089810431,0.9913419913419914,0.009918995010726902,1.064535951589158,0.029646342669249922,,,0.0,0.0,0.012898110706979967,0.00029775672019922517
sparse,jump_reversion,0.7222222222222223,0.19245008972987526,1.0,0.0,0.8282828282828283,0.1399637016217275,0.015053763440860199,0.01489936178553871,,,0.587745199681665,0.019959796161774488,0.0047897127479049,0.022224624910145107,0.9625,0.0,0.9166666666666666,0.014433756729740673,0.946236559139785,0.014899361785538719,0.22429809008845744,0.012959288206501926,0.9935064935064934,0.006493506493506523,0.18849899496131126,0.02164130960318915,0.9632732858539311,0.0038699641001399376,1.064535951589158,0.029646342669249922,,,0.0,0.0,0.013098403035352568,0.0002477690606616529
sparse,local_linear,0.7242063492063492,0.10452037453226924,1.0,0.0,0.8372183372183373,0.07001096072626303,0.012903225806451599,0.0064516129032257995,,,0.592440361901381,0.01505194275237159,0.010975898551911866,0.018804694689806202,0.9895833333333334,0.009547032697824684,0.9458333333333333,0.014433756729740664,0.9763440860215055,0.014899361785538703,0.2856816991348194,0.0039356744137800485,0.9935064935064934,0.006493506493506523,0.191846002456222,0.0033748343719642694,0.9913419913419914,0.009918995010726902,1.064535951589158,0.029646342669249922,,,0.0,0.0,0.03545605530962343,0.0004152074791847785
sparse,local_piecewise,0.4583333333333333,0.07216878364870323,0.7333333333333334,0.11547005383792525,0.5641025641025641,0.08882311833686556,0.027956989247311798,0.0037248404463846763,,,0.5413035775122926,0.02022973723031796,-0.0136114732757737,0.03023625218169071,0.6729166666666666,0.00954703269782469,0.6229166666666667,0.009547032697824663,0.643010752688172,0.009855001494528746,3.5399587542943904,0.23762899433017026,0.9654517525485268,0.0036039040682553283,0.19607576513939876,0.008537571977905573,0.7105571847507332,0.04980199991342005,1.064535951589158,0.029646342669249922,,,0.0,0.0,0.0564993056468665,0.003690273338154538
sparse,multiscale,1.0,0.0,1.0,0.0,1.0,0.0,0.0,0.0,,,0.604058195086084,0.012223293022433518,0.005948044729113433,0.015058326689656037,1.0,0.0,0.96875,0.0,1.0,0.0,0.20288833135414408,0.029944388639073387,1.0,0.0,0.18628168549107124,0.0073248766442970525,1.0,0.0,1.064535951589158,0.029646342669249922,,,0.0,0.0,0.023473708657547766,0.00116905680838228
sparse,robust_trend,0.8492063492063493,0.14351699460337403,1.0,0.0,0.9141414141414143,0.08344803859524394,0.0064516129032257995,0.0064516129032258,,,0.5961092934382779,0.014996105123649055,-0.0005805087122768342,0.025224606408007295,0.9895833333333334,0.009547032697824684,0.9520833333333334,0.014433756729740658,0.9827956989247312,0.014899361785538712,0.015922717777375268,0.003901244788367695,0.9935064935064934,0.006493506493506523,0.1899679528782663,0.0022198327255762945,0.9913419913419914,0.009918995010726902,1.064535951589158,0.029646342669249922,1.0,0.0,0.0,0.0,0.036096625030040665,0.008224227092118052
sparse,rolling_iqr,0.7962962962962964,0.22452510468485448,1.0,0.0,0.8744588744588745,0.14597156103971745,0.010752688172043001,0.013430103222362133,,,0.5930884581096357,0.014341193249814312,-0.0013477334242514006,0.026592672355688095,0.9895833333333334,0.009547032697824684,0.9479166666666666,0.019094065395649343,0.978494623655914,0.01971000298905737,0.21705593776638046,0.005814016401709685,0.9935064935064934,0.006493506493506523,0.1942953170311494,0.009923113177531749,0.9913419913419914,0.009918995010726902,1.064535951589158,0.029646342669249922,,,0.0,0.0,0.011130277921135199,0.0002381830187966181
sparse_mixed,causal_ewma,0.5037037037037037,0.14286890016285858,0.6666666666666666,0.23094010767585033,0.5662337662337662,0.16369819487364914,0.021505376344086,0.009855001494528675,,,0.5973363120341587,0.03803504386900879,0.0031056265044744,0.0206422473723369,0.3958333333333333,0.06682922888477266,0.3541666666666667,0.0750867553789171,0.3655913978494623,0.07750890877823696,2.866223041426857,0.20994718121820588,0.3886189079737467,0.06686458933779986,3.568591679055462,0.3886742304851859,0.41027789414886184,0.03808017512916872,1.9442798745645,0.03627318566461553,,,0.0,0.0,0.009850111246729833,0.00016447022768355582
sparse_mixed,consensus,0.8333333333333334,0.1666666666666667,0.8666666666666667,0.11547005383792512,0.8417508417508417,0.09965419923871209,0.0064516129032257995,0.0064516129032258,,,1.5055916183566584,0.7931971691160382,0.0968286087338683,0.06274590055549635,0.9625,0.0,0.9291666666666667,0.007216878364870297,0.9548387096774195,0.006451612903225726,1.449145855345632,0.05348156907538247,0.9892054182376763,0.003725076029281791,1.7210594869871836,0.053117761498430574,0.9632732858539311,0.0038699641001399376,1.9442798745645,0.03627318566461553,,,0.0,0.0,0.07450580565879737,0.0006738648855377678
sparse_mixed,hampel,0.8492063492063493,0.14351699460337403,1.0,0.0,0.9141414141414143,0.08344803859524394,0.0064516129032257995,0.0064516129032258,,,0.5937356789191431,0.008574217287543614,0.0017310049013774,0.017708027663187832,0.9895833333333334,0.009547032697824684,0.9520833333333334,0.014433756729740658,0.9827956989247312,0.014899361785538712,1.5298142261134198,0.496451788724242,0.9935064935064934,0.006493506493506523,1.7040669294651447,0.015635952087344276,0.9913419913419914,0.009918995010726902,1.9442798745645,0.03627318566461553,,,0.0,0.0,0.0127363336893419,0.0008230595015605554
sparse_mixed,jump_reversion,0.8015873015873015,0.21604218394946353,0.8666666666666667,0.11547005383792512,0.8215488215488215,0.1345116791611999,0.0086021505376344,0.009855001494528677,,,1.5066307874300326,0.7940570942384769,0.1003425567561783,0.06643974855680727,0.9625,0.0,0.9270833333333334,0.009547032697824693,0.9526881720430107,0.00985500149452875,2.518757434676985,0.043854564316606025,0.9935064935064934,0.006493506493506523,1.721396611314457,0.052567790803642094,0.9632732858539311,0.0038699641001399376,1.9442798745645,0.03627318566461553,,,0.0,0.0,0.012131041691948933,7.394308612785883e-05
sparse_mixed,local_linear,0.7666666666666666,0.08819171036881973,0.8666666666666667,0.11547005383792512,0.8121212121212121,0.0915131446699485,0.0086021505376344,0.0037248404463846784,,,1.4925861744515325,0.7826949535266882,0.10824512607446372,0.06732623904804877,0.9895833333333334,0.009547032697824684,0.9541666666666666,0.00954703269782469,0.9806451612903225,0.012903225806451563,1.6927776288453789,0.05069180019873704,0.9935064935064934,0.006493506493506523,1.6950894142815667,0.05547520972355529,0.9913419913419914,0.009918995010726902,1.9442798745645,0.03627318566461553,,,0.0,0.0,0.03372111140439903,9.212893868797855e-05
sparse_mixed,local_piecewise,0.5333333333333333,0.05773502691896256,0.6,0.0,0.5636363636363636,0.031491832864888686,0.0172043010752688,0.0037248404463846776,,,1.5258860227545197,0.8753879696021993,0.12277164226156773,0.0741284331142616,0.7416666666666667,0.029536347664078783,0.7062499999999999,0.02864109809347405,0.7247311827956989,0.029091933889179987,2.768558182022501,0.4329403521375403,0.9654517525485268,0.0036039040682553283,2.074636362947366,0.05825566000004885,0.8316436251920122,0.0512375108250619,1.9442798745645,0.03627318566461553,,,0.0,0.0,0.05323550027484689,0.000628641061430004
sparse_mixed,multiscale,0.9444444444444445,0.0962250448649376,1.0,0.0,0.9696969696969697,0.05248638810814775,0.0021505376344086,0.003724840446384679,,,0.6042240946820425,0.01206994089300698,0.004883402204638801,0.013353609862766715,1.0,0.0,0.9666666666666667,0.0036084391824351323,0.9978494623655915,0.003724840446384692,3.980446135245416,1.012475505520134,1.0,0.0,1.7213643220941,0.05390471712277558,1.0,0.0,1.9442798745645,0.03627318566461553,,,0.0,0.0,0.02209637500345703,0.0001320893816595967
sparse_mixed,robust_trend,0.9444444444444445,0.09622504486493759,1.0,0.0,0.9696969696969697,0.05248638810814775,0.0021505376344086,0.003724840446384679,,,0.6013957134703424,0.012829396072275784,0.0016474913015491995,0.021107615462181036,0.9895833333333334,0.009547032697824684,0.9562499999999999,0.0108253175473055,0.9870967741935482,0.011174521339154132,0.2591183027641521,0.322189137499137,0.9935064935064934,0.006493506493506523,1.7135851548820502,0.006842122685859251,0.9913419913419914,0.009918995010726902,1.9442798745645,0.03627318566461553,1.0,0.0,0.0,0.0,0.043533986356730205,0.007509525009122647
sparse_mixed,rolling_iqr,0.8888888888888888,0.19245008972987526,0.8666666666666667,0.11547005383792512,0.872053872053872,0.13714082056845994,0.0043010752688172,0.007449680892769358,,,1.49444339644352,0.7781039211545313,0.0977170274840418,0.06555424334853348,0.9895833333333334,0.009547032697824684,0.9583333333333334,0.009547032697824693,0.9849462365591397,0.013430103222362143,2.5145727879024444,0.0732793425916853,0.9935064935064934,0.006493506493506523,1.69796143220705,0.05817100815011908,0.9913419913419914,0.009918995010726902,1.9442798745645,0.03627318566461553,,,0.0,0.0,0.010646389331668567,0.0004386091869199014
steep_trend,causal_ewma,0.0,,0.0,0.0,0.0,0.0,0.0007183908045977,0.0012442893732535019,,,1.8846440396010626,0.02882657857073586,-0.021769172988341332,0.05644104047229986,0.9875000000000002,0.0,0.9868055555555557,0.00120281306081166,0.9863505747126435,0.001244289373253386,3.8080845539218444,0.05063249196183108,0.9870689655172412,0.0,0.43561197553982134,0.033937184464662845,1.0,0.0,0.42278413064970044,0.029802791498918915,,,0.0,0.0,0.029684013764684335,0.0037344187904873164
steep_trend,consensus,1.0,0.0,0.9791666666666666,0.036084391824351594,0.989247311827957,0.018624202231923397,0.0,0.0,,,0.656798094069753,0.1159084192614467,0.0084515689319037,0.030300443722836797,0.9875000000000002,0.0,0.9548611111111113,0.001202813060811636,0.9870689655172412,0.0,0.4613094716755979,0.050184024838041026,0.9956896551724138,0.0,0.14306329151687466,0.033607107041232424,1.0,0.0,0.42278413064970044,0.029802791498918915,,,0.0,0.0,0.22484455591378108,0.0013399466471514553
steep_trend,hampel,,,0.0,0.0,0.0,0.0,0.0,0.0,,,1.873124853565548,0.028753794372901452,-0.020987166169871268,0.052873732672414984,1.0,0.0,1.0,0.0,1.0,0.0,1.4209695484554095,0.0510429150408832,1.0,0.0,0.42278413064970044,0.029802791498918915,1.0,0.0,0.42278413064970044,0.029802791498918915,,,0.0,0.0,0.0329787363298237,0.0005614452718388115
steep_trend,jump_reversion,,,0.0,0.0,0.0,0.0,0.0,0.0,,,1.8838612300599653,0.02912472544672864,-0.021057892183456838,0.05265742773173796,0.9875000000000002,0.0,0.9875000000000002,0.0,0.9870689655172412,0.0,0.8648576682397108,0.011364818344099546,1.0,0.0,0.4264287866416106,0.02561472900576942,1.0,0.0,0.42278413064970044,0.029802791498918915,,,0.0,0.0,0.032680319078887465,0.00017273446397760147
steep_trend,local_linear,1.0,0.0,1.0,0.0,1.0,0.0,0.0,0.0,,,0.5949787885304966,0.013512072029806215,0.000347934303519766,0.019119008204842716,1.0,0.0,0.9666666666666668,0.0,1.0,0.0,0.1525533456678278,0.01453214761193698,1.0,0.0,0.1337374523228876,0.012763809985380714,1.0,0.0,0.42278413064970044,0.029802791498918915,,,0.0,0.0,0.09969426396613316,0.0006487149152704603
steep_trend,local_piecewise,0.9803921568627451,0.033961780540566276,0.9791666666666666,0.036084391824351594,0.9791463017269469,0.018086267952268448,0.0007183908045977,0.0012442893732535019,,,0.5938699045872612,0.012761117386388575,0.0005319225952900991,0.02096994772737551,0.9611111111111111,0.00867360833110874,0.9277777777777779,0.0066969796951340055,0.9597701149425287,0.006927910029448948,0.3802598780085285,0.0720227490040342,0.9870689655172412,0.0,0.13039181989789375,0.01292566003527832,1.0,0.0,0.42278413064970044,0.029802791498918915,,,0.0,0.0,0.16217665296668804,0.003938526336675673
steep_trend,multiscale,,,0.0,0.0,0.0,0.0,0.0,0.0,,,1.873124853565548,0.028753794372901452,-0.020987166169871268,0.052873732672414984,1.0,0.0,1.0,0.0,1.0,0.0,6.984219817729557,0.22178351619815587,1.0,0.0,0.42278413064970044,0.029802791498918915,1.0,0.0,0.42278413064970044,0.029802791498918915,,,0.0,0.0,0.06262395841379957,0.000760677187242002
steep_trend,robust_trend,0.48702147525676937,0.0406667640375461,1.0,0.0,0.6543677181017334,0.03629978225838986,0.0366379310344827,0.005702050239363332,,,0.5927848246182342,0.015697533508684396,0.0001876003638472002,0.021319479603816166,1.0,0.0,0.93125,0.0055119818980512315,0.9633620689655172,0.005702050239363384,0.5860027611966783,0.025293634502301706,1.0,0.0,0.13484858559761737,0.012818790365461196,1.0,0.0,0.42278413064970044,0.029802791498918915,1.0,0.0,0.0,0.0,0.037377013980100536,0.0015504345676505226
steep_trend,rolling_iqr,,,0.0,0.0,0.0,0.0,0.0,0.0,,,1.873124853565548,0.028753794372901452,-0.020987166169871268,0.052873732672414984,1.0,0.0,1.0,0.0,1.0,0.0,1.087445189977696,0.0029188107930356567,1.0,0.0,0.42278413064970044,0.029802791498918915,1.0,0.0,0.42278413064970044,0.029802791498918915,,,0.0,0.0,0.0299023333936929,0.004761962332486467
trend,causal_ewma,1.0,0.0,1.0,0.0,1.0,0.0,0.0,0.0,,,0.5960426013962109,0.01369994606854135,0.0003634057468960665,0.022460974457183605,0.9875000000000002,0.0,0.9541666666666669,0.0,0.9870689655172412,0.0,0.3159065865235832,0.008255456350770058,0.9870689655172412,0.0,0.13651891788722778,0.01273878085715753,1.0,0.0,0.6641981430343818,0.05550770204626964,,,0.0,0.0,0.030654500393817768,0.0012883553200050606
trend,consensus,1.0,0.0,1.0,0.0,1.0,0.0,0.0,0.0,,,0.5953436880943915,0.013162872692330305,0.0005542366450061997,0.02189389130870971,0.9875000000000002,0.0,0.9541666666666669,0.0,0.9870689655172412,0.0,0.14489300172794436,0.018068114372530145,0.9956896551724138,0.0,0.1319541312832928,0.014794500548947974,1.0,0.0,0.6641981430343818,0.05550770204626964,,,0.0,0.0,0.2442024303600192,0.00831640029380072
trend,hampel,1.0,0.0,1.0,0.0,1.0,0.0,0.0,0.0,,,0.5949787885304968,0.01351207202980642,0.00034793430351966713,0.019119008204842726,1.0,0.0,0.9666666666666668,0.0,1.0,0.0,0.1443797430892211,0.02022702277154791,1.0,0.0,0.13373745232288411,0.012763809985392848,1.0,0.0,0.6641981430343818,0.05550770204626964,,,0.0,0.0,0.039003236296897066,0.006104083376619351
trend,jump_reversion,1.0,0.0,1.0,0.0,1.0,0.0,0.0,0.0,,,0.5953436880943915,0.013162872692330305,0.0005542366450061997,0.02189389130870971,0.9875000000000002,0.0,0.9541666666666669,0.0,0.9870689655172412,0.0,0.14162987971086394,0.019439148067804713,1.0,0.0,0.1319541312832928,0.014794500548947974,1.0,0.0,0.6641981430343818,0.05550770204626964,,,0.0,0.0,0.037960625020787064,0.004254635369361804
trend,local_linear,1.0,0.0,1.0,0.0,1.0,0.0,0.0,0.0,,,0.5949787885304968,0.01351207202980642,0.00034793430351966713,0.019119008204842726,1.0,0.0,0.9666666666666668,0.0,1.0,0.0,0.14761135957534796,0.009253476920185572,1.0,0.0,0.13373745232288411,0.012763809985392848,1.0,0.0,0.6641981430343818,0.05550770204626964,,,0.0,0.0,0.10569412501839297,0.0018402323545420884
trend,local_piecewise,0.9803921568627451,0.033961780540566276,0.9791666666666666,0.036084391824351594,0.9791463017269469,0.018086267952268448,0.0007183908045977,0.0012442893732535019,,,0.5937166228313047,0.01218950704719177,-0.00021280526734086583,0.0216109156134426,0.9604166666666667,0.007216878364870297,0.9270833333333334,0.005511981898051085,0.959051724137931,0.005702050239363358,0.30058028667494385,0.01418608682276516,0.9870689655172412,0.0,0.1319919137583461,0.012886088302413069,1.0,0.0,0.6641981430343818,0.05550770204626964,,,0.0,0.0,0.16822977759875354,0.004517049556079756
trend,multiscale,1.0,0.0,1.0,0.0,1.0,0.0,0.0,0.0,,,0.5949787885304968,0.01351207202980642,0.00034793430351966713,0.019119008204842726,1.0,0.0,0.9666666666666668,0.0,1.0,0.0,0.26251804014012886,0.022883970726258404,1.0,0.0,0.13373745232288411,0.012763809985392848,1.0,0.0,0.6641981430343818,0.05550770204626964,,,0.0,0.0,0.06696445789809023,0.0017324945340430945
trend,robust_trend,0.9803921568627451,0.033961780540566276,1.0,0.0,0.98989898989899,0.01749546270271598,0.0007183908045977,0.0012442893732535019,,,0.593473588879212,0.013158024358631512,-0.0008605238831673664,0.0182844144066673,1.0,0.0,0.9659722222222222,0.0012028130608118363,0.9992816091954023,0.0012442893732535223,0.19847509857749612,0.006564908636549253,1.0,0.0,0.13329948172615683,0.013014044193913096,1.0,0.0,0.6641981430343818,0.05550770204626964,1.0,0.0,0.0,0.0,0.07578690264684453,0.03480543322255348
trend,rolling_iqr,1.0,0.0,1.0,0.0,1.0,0.0,0.0,0.0,,,0.5949787885304968,0.01351207202980642,0.00034793430351966713,0.019119008204842726,1.0,0.0,0.9666666666666668,0.0,1.0,0.0,0.13172648931144534,0.010074432302058907,1.0,0.0,0.13373745232288411,0.012763809985392848,1.0,0.0,0.6641981430343818,0.05550770204626964,,,0.0,0.0,0.029626916317890033,0.00011298309142177911
turning_continuous,causal_ewma,1.0,0.0,0.3958333333333333,0.09547032697824666,0.5627705627705627,0.0964115041182688,0.0,0.0,,,2.4758882875142842,0.126740124503784,-0.05505373207539477,0.10244008025271997,0.9875000000000002,0.0,0.9743055555555555,0.003182344232608205,0.9870689655172412,0.0,2.346765441094344,0.07546747504126117,0.9870689655172412,0.0,0.6260341295328895,0.10692816987700084,1.0,0.0,0.7165456959141044,0.048187395828053405,,,0.0,0.0,0.028557166690006835,0.0005687281407864588
turning_continuous,consensus,1.0,0.0,0.9791666666666666,0.036084391824351594,0.989247311827957,0.018624202231923397,0.0,0.0,,,0.6774482322561144,0.15158281871966495,0.009880202512184634,0.032209652092844765,0.9875000000000002,0.0,0.9548611111111113,0.001202813060811636,0.9870689655172412,0.0,0.4992084192713578,0.044563620167531404,0.9956896551724138,0.0,0.25188186211794145,0.0193553717301599,1.0,0.0,0.7165456959141044,0.048187395828053405,,,0.0,0.0,0.2254684999740372,0.0007944329705984825
turning_continuous,hampel,1.0,0.0,0.3958333333333333,0.07216878364870322,0.5645272601794341,0.07650189902305608,0.0,0.0,,,2.5038018553827963,0.1996067480362541,-0.05315799246474453,0.14017774105790407,1.0,0.0,0.9868055555555557,0.002405626121623352,1.0,0.0,0.8662407392022788,0.03685140698420064,1.0,0.0,0.5750225428955379,0.061612713107131935,1.0,0.0,0.7165456959141044,0.048187395828053405,,,0.0,0.0,0.032907514444862764,0.0003243065538138274
turning_continuous,jump_reversion,1.0,,0.041666666666666664,0.07216878364870323,0.07407407407407407,0.12830005981991682,0.0,0.0,,,3.4438098093218117,0.16649441954789193,0.029386364729802928,0.10332660169942567,0.9875000000000002,0.0,0.986111111111111,0.0024056261216235443,0.9870689655172412,0.0,0.6375793901860245,0.02735725460375195,1.0,0.0,0.7076322116811548,0.09978453789179684,1.0,0.0,0.7165456959141044,0.048187395828053405,,,0.0,0.0,0.033278805591786864,0.0003146145469993235
turning_continuous,local_linear,1.0,0.0,1.0,0.0,1.0,0.0,0.0,0.0,,,0.5949787885304968,0.01351207202980624,0.00034793430351983307,0.01911900820484271,1.0,0.0,0.9666666666666668,0.0,1.0,0.0,0.26569741938405284,0.01788543777648574,1.0,0.0,0.2426273053891991,0.013135624257288227,1.0,0.0,0.7165456959141044,0.048187395828053405,,,0.0,0.0,0.10214430559426539,0.004338450645989269
turning_continuous,local_piecewise,0.9803921568627451,0.033961780540566276,0.9583333333333334,0.07216878364870323,0.9676767676767676,0.03337921543809769,0.0007183908045977,0.0012442893732535019,,,0.594526986768274,0.011307839078575917,0.0003573499968342331,0.02189810182010284,0.9541666666666666,0.007511565157216687,0.9215277777777778,0.004811252243246936,0.9533045977011495,0.004977157493013929,0.3522028399107738,0.010747371305183063,0.9870689655172412,0.0,0.3157223561535008,0.04039222791928148,1.0,0.0,0.7165456959141044,0.048187395828053405,,,0.0,0.0,0.16255840263329446,0.004267047558301122
turning_continuous,multiscale,1.0,0.0,0.041666666666666664,0.036084391824351615,0.07843137254901959,0.06792356108113244,0.0,0.0,,,3.3658194523700016,0.04727382744764154,-0.023889709360493633,0.09494503582603359,1.0,0.0,0.9986111111111112,0.001202813060811636,1.0,0.0,4.354347391071275,0.1639268754350727,1.0,0.0,0.7286921847990707,0.09208502330101999,1.0,0.0,0.7165456959141044,0.048187395828053405,,,0.0,0.0,0.06257534694547454,0.00030615561802549104
turning_continuous,robust_trend,0.6495726495726496,0.029607706112288506,1.0,0.0,0.7873015873015873,0.021994295969128656,0.0186781609195402,0.0024885787465070046,,,0.5898060863235189,0.011320020855571928,0.0007900730073959993,0.02346380472588684,1.0,0.0,0.9486111111111111,0.0024056261216235443,0.9813218390804598,0.002488578746507069,0.5187415719825077,0.020039172250125463,1.0,0.0,0.3202685940032642,0.08655332330472972,1.0,0.0,0.7165456959141044,0.048187395828053405,1.0,0.0,0.0,0.0,0.03667534701526157,0.0014707747377378166
turning_continuous,rolling_iqr,1.0,0.0,0.4166666666666667,0.09547032697824667,0.5838509316770186,0.09763831157392627,0.0,0.0,,,2.4927945622803462,0.21783332638858707,-0.011381719699912465,0.09731072409288333,1.0,0.0,0.9861111111111112,0.0031823442326082804,1.0,0.0,0.7457902998187773,0.045201405472078786,1.0,0.0,0.5664410557591176,0.048232807176514285,1.0,0.0,0.7165456959141044,0.048187395828053405,,,0.0,0.0,0.027499388980989598,0.0004367429725004804
turning_drop,causal_ewma,0.9347222222222222,0.0667100553251268,0.6947368421052632,0.05082423135744198,0.795306001188354,0.03491137894979061,0.0021707692791348,0.0021691991055300046,,,1.9293645643837642,0.23594846432216304,0.07050926087976976,0.044314274746136875,0.9875000000000002,0.0,0.9569444444444445,0.003182344232608208,0.9847951837530259,0.0021550779737790162,2.2521632667429903,0.3347425920483241,0.9869659530321607,1.633547870945938e-05,1.0281065791600434,0.06401289339281627,1.0,0.0,1.1716288506033166,0.16742538858893533,,,0.0,0.0,0.027965764049440605,0.00045469139573143163
turning_drop,consensus,1.0,0.0,0.7464912280701754,0.08372943718843981,0.8530402059813825,0.05652598924371621,0.0,0.0,,,2.1106602370066194,0.4878610425557399,0.06969695393238934,0.06362809707128433,0.9875000000000002,0.0,0.9569444444444445,0.003182344232608208,0.9869659530321607,1.633547870945938e-05,0.85494977627329,0.3315731814329978,0.9956553176773869,5.445159569632839e-06,0.9333071941565144,0.1301095595679324,1.0,0.0,1.1716288506033166,0.16742538858893533,,,0.0,0.0,0.22525974968448273,0.002301060527215256
turning_drop,hampel,1.0,0.0,0.4596491228070176,0.18213745785790464,0.614336917562724,0.18599767804802547,0.0,0.0,,,2.6110418119996948,0.5075864578644653,0.13793251436804527,0.11289989297950194,1.0,0.0,0.9812499999999998,0.0072168783648704085,1.0,0.0,0.6829239249298062,0.05831214051701032,1.0,0.0,0.9985068411760847,0.1179336542830723,1.0,0.0,1.1716288506033166,0.16742538858893533,,,0.0,0.0,0.03595394400569297,0.003545282728474276
turning_drop,jump_reversion,1.0,,0.016666666666666666,0.02886751345948129,0.03174603174603174,0.05498573992282148,0.0,0.0,,,3.8507458413218205,0.1570463590214426,0.1059819970267065,0.12139299628137486,0.9875000000000002,0.0,0.9868055555555557,0.001202813060811636,0.9869659530321607,1.633547870945938e-05,1.5317662856089485,0.06277745607802883,1.0,0.0,1.1655471230152368,0.18712532528168058,1.0,0.0,1.1716288506033166,0.16742538858893533,,,0.0,0.0,0.035238069637368065,0.0033065775644749522
turning_drop,local_linear,1.0,0.0,0.8473684210526317,0.05020732639036554,0.9168476747424116,0.0293238239586657,0.0,0.0,,,1.64306132997086,0.4676042075608391,0.0128146054394755,0.08951909743784867,1.0,0.0,0.9652777777777778,0.002405626121623496,1.0,0.0,0.9006963959337423,0.07508077000091012,1.0,0.0,0.9839769149078051,0.02312512890307735,1.0,0.0,1.1716288506033166,0.16742538858893533,,,0.0,0.0,0.10058666672557591,0.001304626958451106
turning_drop,local_piecewise,0.9803921568627451,0.033961780540566276,0.7464912280701754,0.08372943718843981,0.8450321979733744,0.05026273388257081,0.0007246376811594,0.0012551092808469775,,,1.1837645882212424,0.5631331800210141,0.023663392839310765,0.016537078428618967,0.9513888888888888,0.004336804165554479,0.9201388888888887,0.00120281306081166,0.9565563205382124,0.0042960583635621675,0.866958983364952,0.32065918708209973,0.9869659530321607,1.633547870945938e-05,1.0530414715733578,0.11890645595275581,1.0,0.0,1.1716288506033166,0.16742538858893533,,,0.0,0.0,0.161504485954841,0.0006478072965063255
turning_drop,multiscale,1.0,,0.016666666666666666,0.02886751345948129,0.03174603174603174,0.05498573992282148,0.0,0.0,,,3.7856896162956986,0.19732997774109964,0.07625507797152437,0.166815092331228,1.0,0.0,0.9993055555555556,0.001202813060811636,1.0,0.0,4.2421030173051895,0.12366198336858092,1.0,0.0,1.1618258626814957,0.18373131853850777,1.0,0.0,1.1716288506033166,0.16742538858893533,,,0.0,0.0,0.06294672206665074,0.00030035475999153196
turning_drop,robust_trend,0.7756505270092227,0.15755836734806114,0.9833333333333334,0.028867513459481322,0.8626103524004828,0.11419044009979723,0.013763400295513767,0.012555178670710878,,,0.6768874848265707,0.15713304246274296,-0.011158910538803002,0.01611393185810622,1.0,0.0,0.9465277777777777,0.011474105306846134,0.9862365997044863,0.012555178670710812,0.4584966437253463,0.01859054969813193,1.0,0.0,1.049990529243339,0.046278555788114344,1.0,0.0,1.1716288506033166,0.16742538858893533,1.0,0.0,0.0,0.0,0.0437334723149736,0.006940289006367225
turning_drop,rolling_iqr,1.0,0.0,0.4596491228070176,0.18213745785790464,0.614336917562724,0.18599767804802547,0.0,0.0,,,2.6110418119996948,0.5075864578644653,0.13793251436804527,0.11289989297950194,1.0,0.0,0.9812499999999998,0.0072168783648704085,1.0,0.0,1.4846982033747367,0.022751949372155546,1.0,0.0,0.9985068411760847,0.1179336542830723,1.0,0.0,1.1716288506033166,0.16742538858893533,,,0.0,0.0,0.028243819639707568,0.0005672682721647402
